Workbook

Sheet Report
A1: Province | B1: District | D1: Local Level | F1: School | H1: School Code | I1: TID | J1: Name | L1: Gender | N1: Caste | O1: Mother Tongue | Q1: Nationality | S1: Phone | T1: Date of Birth | U1: Citizenship No | V1: Teacher Type | W1: Qualification | X1: Stream | Y1: Level | Z1: Rank | AA1: Position
A2: Bagmati Province | B2: Rasuwa | D2: Gosaikunda Gaunpalika | F2: Pra V Khamging | H2: 290020002 | I2: 29002000277002 | J2: Temba Tamang | K2: t]Daf tfdfË | L2: M | M2: =IF(L2="M","k'?if","dlxnf") -> k'?if | N2: J | O2: Sherpa | P2: z]kf{ | Q2: Nepali | R2: 1 | S2: 9741016525 | T2: 2035-10-15 | U2: 4740-107 | V2: Teacher | W2: Intermediate | Y2: Lower Basic | Z2: 3rd | AA2: Permanent | AB2: :yfoL
A3: Bagmati Province | B3: Rasuwa | D3: Gosaikunda Gaunpalika | F3: Pra V Khamging | H3: 290020002 | I3: 29002000277003 | J3: Maya Sherpa | K3: dfof z]kf{ | L3: F | M3: =IF(L3="M","k'?if","dlxnf") -> dlxnf | N3: J | O3: Tamang | P3: tfdfË | Q3: Nepali | R3: 2 | S3: 9808712730 | T3: 2034-10-1 | U3: 3781 | V3: Teacher | W3: Bachelors | X3: Education | Y3: Lower Basic | Z3: 3rd | AA3: Permanent | AB3: :yfoL
A4: Bagmati Province | B4: Rasuwa | D4: Gosaikunda Gaunpalika | F4: Pra V Khamging | H4: 290020002 | I4: 29002000277001 | J4: Kabita Neupane | K4: slatf Gof}kfg] | L4: F | M4: =IF(L4="M","k'?if","dlxnf") -> dlxnf | N4: O | O4: Nepali | P4: g]kfnL | Q4: Nepali | R4: 3 | S4: 9741161789 | T4: 2042-1-18 | U4: 306 | V4: Teacher | W4: Masters | X4: Education | Y4: Lower Basic | Z4: 3rd | AA4: Temporary | AB4: c:yfoL
A5: Bagmati Province | B5: Rasuwa | D5: Gosaikunda Gaunpalika | F5: Lingling Pra V | H5: 290020003 | I5: 29002000377002 | J5: Nirmal Jang Sherpa | K5: lgd{n h+u z]kf{ | L5: M | M5: =IF(L5="M","k'?if","dlxnf") -> k'?if | N5: J | O5: Tamang | P5: tfdfË | Q5: Nepali | R5: 4 | S5: 9860228865 | T5: 2031-11-1 | U5: 3384 | V5: Teacher | W5: Masters | Y5: Lower Basic | Z5: 3rd | AA5: Permanent | AB5: :yfoL
A6: Bagmati Province | B6: Rasuwa | D6: Gosaikunda Gaunpalika | F6: Lingling Pra V | H6: 290020003 | I6: 29002000377001 | J6: Sushil Koirala | K6: ;'lzn sf]O/fnf | L6: M | M6: =IF(L6="M","k'?if","dlxnf") -> k'?if | N6: O | O6: Nepali | P6: g]kfnL | Q6: Nepali | R6: 5 | S6: 9741035103 | T6: 2025-7-3 | U6: 700 | V6: Head Teacher | W6: Bachelors | X6: Education | Y6: Lower Basic | Z6: 3rd | AA6: Permanent | AB6: :yfoL
A7: Bagmati Province | B7: Rasuwa | D7: Gosaikunda Gaunpalika | F7: Gaun Pharka Pra V | H7: 290050001 | I7: 29005000177001 | J7: Tulshingi Tamang | K7: t'lN;+uL tfdfË | L7: M | M7: =IF(L7="M","k'?if","dlxnf") -> k'?if | N7: J | O7: Tamang | P7: tfdfË | Q7: Nepali | R7: 6 | T7: 2027-1-15 | U7: 270-702 | V7: Head Teacher | W7: Intermediate | Y7: Lower Basic | Z7: 3rd | AA7: Permanent | AB7: :yfoL
A8: Bagmati Province | B8: Rasuwa | D8: Gosaikunda Gaunpalika | F8: Gaun Pharka Pra V | H8: 290050001 | I8: 29005000177005 | J8: Yuna Thokra | K8: o'gf yf]s/f | L8: F | M8: =IF(L8="M","k'?if","dlxnf") -> dlxnf | N8: J | O8: Nepali | P8: tfdfË | Q8: Nepali | R8: 7 | T8: 2052-5-17 | U8: 155 | V8: Teacher | Y8: ECD/PPC | Z8: 3rd | AA8: ECD Facilitator | AB8: O;L8L ;xof]uL
A9: Bagmati Province | B9: Rasuwa | D9: Gosaikunda Gaunpalika | F9: Gaun Pharka Pra V | H9: 290050001 | I9: 29005000177006 | J9: Urmila Lama | K9: pld{nf nfdf | L9: F | M9: =IF(L9="M","k'?if","dlxnf") -> dlxnf | N9: J | O9: Tamang | P9: tfdfË | Q9: Nepali | R9: 8 | S9: 9843404440 | T9: 2033-8-3 | U9: 3769 | V9: Teacher | W9: Intermediate | X9: Edu | Y9: Lower Basic | Z9: 3rd | AA9: Permanent | AB9: :yfoL
A10: Bagmati Province | B10: Rasuwa | D10: Gosaikunda Gaunpalika | F10: Bhimali Pra V | H10: 290050002 | I10: 29005000277008 | J10: Pema Wangmo Tamang | K10: k]df jËdf] tfdfË | L10: F | M10: =IF(L10="M","k'?if","dlxnf") -> dlxnf | N10: J | O10: Tamang | P10: tfdfË | Q10: Nepali | R10: 9 | S10: 9841903990 | T10: 2037-3-28 | U10: 5637/400 | V10: Teacher | W10: Intermediate | X10: Edu | Y10: Lower Basic | Z10: 3rd | AA10: Permanent | AB10: :yfoL
A11: Bagmati Province | B11: Rasuwa | D11: Gosaikunda Gaunpalika | F11: Bhimali Pra V | H11: 290050002 | I11: 29005000277007 | J11: Krishna Bahadur Kumal | K11: s[i0f axfb'/ s'dfn | L11: M | M11: =IF(L11="M","k'?if","dlxnf") -> k'?if | N11: J | O11: Nepali | P11: g]kfnL | Q11: Nepali | R11: 10 | T11: 2023-11-23 | U11: 424 | V11: Head Teacher | W11: SLC | Y11: Lower Basic | Z11: 3rd | AA11: Permanent | AB11: :yfoL
A12: Bagmati Province | B12: Rasuwa | D12: Gosaikunda Gaunpalika | F12: Bhimali Pra V | H12: 290050002 | I12: 29005000277006 | J12: Yuna Tamang | K12: o'gf tfdfË | L12: F | M12: =IF(L12="M","k'?if","dlxnf") -> dlxnf | N12: J | O12: Tamang | P12: tfdfË | Q12: Nepali | R12: 11 | S12: 9823756146 | T12: 2054-10-17 | U12: 23/10/72/01088 | V12: Teacher | Y12: ECD/PPC | Z12: 3rd | AA12: ECD Facilitator | AB12: O;L8L ;xof]uL
A13: Bagmati Province | B13: Rasuwa | D13: Gosaikunda Gaunpalika | F13: Saraswati Adharbhut Vidyalaya | H13: 290050003 | I13: 29005000377010 | J13: Durga Bhatta | K13: b\uf{ eQ | L13: F | M13: =IF(L13="M","k'?if","dlxnf") -> dlxnf | N13: B/C | O13: Nepali | P13: g]kfnL | Q13: Nepali | R13: 12 | T13: 2046-11-27 | U13: 113572 | V13: Teacher | W13: Bachelors | Y13: Lower Basic | Z13: 3rd | AA13: Permanent | AB13: :yfoL
A14: Bagmati Province | B14: Rasuwa | D14: Gosaikunda Gaunpalika | F14: Saraswati Adharbhut Vidyalaya | H14: 290050003 | I14: 29005000377012 | J14: Samjhana Tamang | K14: ;Demgf tfdfË | L14: F | M14: =IF(L14="M","k'?if","dlxnf") -> dlxnf | N14: J | O14: Tamang | P14: tfdfË | Q14: Nepali | R14: 13 | S14: 9845353754 | T14: 2042-8-3 | U14: 1308/2043 | V14: Teacher | W14: Intermediate | Y14: Lower Basic | Z14: 3rd | AA14: Rahat | AB14: /fxt
A15: Bagmati Province | B15: Rasuwa | D15: Gosaikunda Gaunpalika | F15: Saraswati Adharbhut Vidyalaya | H15: 290050003 | I15: 29005000377011 | J15: Karma Chhenjom Tamanag | K15: s/df r]Ghf]Ë | L15: F | M15: =IF(L15="M","k'?if","dlxnf") -> dlxnf | N15: J | O15: Tamang | P15: tfdfË | Q15: Nepali | R15: 14 | S15: 9849822343 | T15: 2039-4-8 | U15: 134/59 | V15: Teacher | W15: Intermediate | Y15: Lower Basic | Z15: 3rd | AA15: Rahat | AB15: /fxt
A16: Bagmati Province | B16: Rasuwa | D16: Gosaikunda Gaunpalika | F16: Saraswati Adharbhut Vidyalaya | H16: 290050003 | I16: 29005000377009 | J16: Goma Adhikari | K16: uf]df clwsf/L | L16: F | M16: =IF(L16="M","k'?if","dlxnf") -> dlxnf | N16: B/C | O16: Nepali | P16: g]kfnL | Q16: Nepali | R16: 15 | S16: 9849418723 | T16: 2046-4-19 | U16: 253015 | V16: Teacher | W16: Masters | X16: Edu | Y16: Lower Basic | Z16: 3rd | AA16: Permanent | AB16: :yfoL
A17: Bagmati Province | B17: Rasuwa | D17: Gosaikunda Gaunpalika | F17: Saraswati Adharbhut Vidyalaya | H17: 290050003 | I17: 29005000377005 | J17: Karpo Tamang | K17: s/kf] tfdfË | L17: M | M17: =IF(L17="M","k'?if","dlxnf") -> k'?if | N17: J | O17: Tamang | P17: tfdfË | Q17: Nepali | R17: 16 | S17: 9860600117 | T17: 2046-9-4 | U17: 5910/4 | V17: Teacher | W17: Intermediate | Y17: Lower Basic | Z17: 3rd | AA17: Rahat | AB17: /fxt
A18: Bagmati Province | B18: Rasuwa | D18: Gosaikunda Gaunpalika | F18: Saraswati Adharbhut Vidyalaya | H18: 290050003 | I18: 29005000377007 | J18: Tina Tamang | K18: tLgf tfdfË | L18: F | M18: =IF(L18="M","k'?if","dlxnf") -> dlxnf | N18: J | O18: Tamang | P18: tfdfË | Q18: Nepali | R18: 17 | S18: 9869180412 | T18: 2055-10-5 | U18: 23-01-73-00471 | V18: Teacher | W18: Under SLC | Y18: ECD/PPC | Z18: 3rd | AA18: ECD Facilitator | AB18: O;L8L ;xof]uL
A19: Bagmati Province | B19: Rasuwa | D19: Gosaikunda Gaunpalika | F19: Saraswati Adharbhut Vidyalaya | H19: 290050003 | I19: 29005000377004 | J19: Lanam Ghale | K19: ngd 3n] | L19: M | M19: =IF(L19="M","k'?if","dlxnf") -> k'?if | N19: J | O19: Tamang | P19: tfdfË | Q19: Nepali | R19: 18 | S19: 9741086460 | T19: 2037-7-20 | U19: Ka 479 | V19: Head Teacher | W19: Intermediate | X19: Education | Y19: Lower Basic | Z19: 3rd | AA19: Permanent | AB19: :yfoL
A20: Bagmati Province | B20: Rasuwa | D20: Gosaikunda Gaunpalika | F20: Saraswati Adharbhut Vidyalaya | H20: 290050003 | I20: 29005000377008 | J20: Ram Krisna Thapa Magar | K20: /fds[i0f yfkfdu/ | L20: M | M20: =IF(L20="M","k'?if","dlxnf") -> k'?if | N20: J | O20: Nepali | P20: g]kfnL | Q20: Nepali | R20: 19 | S20: 9841087987 | T20: 2043-10-11 | U20: 88680 | V20: Teacher | W20: Masters | X20: Edu | Y20: Lower Basic | Z20: 3rd | AA20: Permanent | AB20: :yfoL
A21: Bagmati Province | B21: Rasuwa | D21: Gosaikunda Gaunpalika | F21: Rasuwa Ma V | H21: 290050006 | I21: 29005000677042 | J21: Chandra Shekhar Kasula | K21: rGb| z]v/ sf}znf | L21: M | M21: =IF(L21="M","k'?if","dlxnf") -> k'?if | N21: J | O21: Newari | P21: g]jf/L | Q21: Nepali | R21: 20 | S21: 9840058885 | T21: 2047-5-14 | U21: 293012/206 | V21: Teacher | W21: MPhil | X21: Education | Y21: Secondary | Z21: 3rd | AA21: Permanent | AB21: :yfoL
A22: Bagmati Province | B22: Rasuwa | D22: Gosaikunda Gaunpalika | F22: Rasuwa Ma V | H22: 290050006 | I22: 29005000677042 | J22: Chandra Shekhar Kasula | K22: rGb| z]v/ sf}znf | L22: M | M22: =IF(L22="M","k'?if","dlxnf") -> k'?if | N22: J | O22: Newari | P22: g]jf/L | Q22: Nepali | R22: 21 | S22: 9840058885 | T22: 2047-5-14 | U22: 293012/206 | V22: Teacher | W22: MPhil | X22: Education | Y22: Secondary | Z22: 3rd | AA22: Permanent | AB22: :yfoL
A23: Bagmati Province | B23: Rasuwa | D23: Gosaikunda Gaunpalika | F23: Rasuwa Ma V | H23: 290050006 | I23: 29005000677049 | J23: Narendra Bahadur Badaila | K23: g/]Gb| axfb'/ ab}nf | L23: M | M23: =IF(L23="M","k'?if","dlxnf") -> k'?if | N23: B/C | O23: Nepali | P23: g]kfnL | Q23: Nepali | R23: 22 | T23: 2044-10-28 | U23: 2/22482/439 | V23: Teacher | W23: MPhil | X23: English | Y23: Secondary | Z23: 3rd | AA23: Temporary | AB23: c:yfoL
A24: Bagmati Province | B24: Rasuwa | D24: Gosaikunda Gaunpalika | F24: Rasuwa Ma V | H24: 290050006 | I24: 29005000677049 | J24: Narendra Bahadur Badaila | L24: M | M24: =IF(L24="M","k'?if","dlxnf") -> k'?if | N24: B/C | O24: Nepali | P24: g]kfnL | Q24: Nepali | R24: 23 | T24: 2044-10-28 | U24: 2/22482/439 | V24: Teacher | W24: MPhil | X24: English | Y24: Secondary | Z24: 3rd | AA24: Temporary | AB24: c:yfoL
A25: Bagmati Province | B25: Rasuwa | D25: Gosaikunda Gaunpalika | F25: Rasuwa Ma V | H25: 290050006 | I25: 29005000677049 | J25: Narendra Bahadur Badaila | L25: M | M25: =IF(L25="M","k'?if","dlxnf") -> k'?if | N25: B/C | O25: Nepali | P25: g]kfnL | Q25: Nepali | R25: 24 | T25: 2044-10-28 | U25: 2/22482/439 | V25: Teacher | W25: MPhil | X25: English | Y25: Secondary | Z25: 3rd | AA25: Temporary | AB25: c:yfoL
A26: Bagmati Province | B26: Rasuwa | D26: Gosaikunda Gaunpalika | F26: Rasuwa Ma V | H26: 290050006 | I26: 29005000677049 | J26: Narendra Bahadur Badaila | L26: M | M26: =IF(L26="M","k'?if","dlxnf") -> k'?if | N26: B/C | O26: Nepali | P26: g]kfnL | Q26: Nepali | R26: 25 | T26: 2044-10-28 | U26: 2/22482/439 | V26: Teacher | W26: MPhil | X26: English | Y26: Secondary | Z26: 3rd | AA26: Temporary | AB26: c:yfoL
A27: Bagmati Province | B27: Rasuwa | D27: Gosaikunda Gaunpalika | F27: Rasuwa Ma V | H27: 290050006 | I27: 29005000677048 | J27: Suraj Gurung | K27: ;'/h u'?Ë | L27: M | M27: =IF(L27="M","k'?if","dlxnf") -> k'?if | N27: J | O27: Nepali | P27: g]kfnL | Q27: Nepali | R27: 26 | S27: 9863554567 | T27: 2041-7-27 | U27: 69498 | V27: Teacher | W27: Masters | X27: English | Y27: Upper Basic | Z27: 3rd | AA27: Permanent | AB27: :yfoL
A28: Bagmati Province | B28: Rasuwa | D28: Gosaikunda Gaunpalika | F28: Rasuwa Ma V | H28: 290050006 | I28: 29005000677048 | J28: Suraj Gurung | L28: M | M28: =IF(L28="M","k'?if","dlxnf") -> k'?if | N28: J | O28: Nepali | P28: g]kfnL | Q28: Nepali | R28: 27 | S28: 9863554567 | T28: 2041-7-27 | U28: 69498 | V28: Teacher | W28: Masters | X28: English | Y28: Upper Basic | Z28: 3rd | AA28: Permanent | AB28: :yfoL
A29: Bagmati Province | B29: Rasuwa | D29: Gosaikunda Gaunpalika | F29: Rasuwa Ma V | H29: 290050006 | I29: 29005000677047 | J29: Prem Rai | K29: k|]d /fO} | L29: M | M29: =IF(L29="M","k'?if","dlxnf") -> k'?if | N29: J | Q29: Nepali | R29: 28 | T29: 2035-6-3 | U29: 51236/53236 | V29: Teacher | W29: Bachelors | X29: Nepali | Y29: Lower Basic | Z29: 3rd | AA29: Permanent | AB29: :yfoL
A30: Bagmati Province | B30: Rasuwa | D30: Gosaikunda Gaunpalika | F30: Rasuwa Ma V | H30: 290050006 | I30: 29005000677046 | J30: Baikuntha Khatiwada | K30: a}s'G7 vltj8f | L30: M | M30: =IF(L30="M","k'?if","dlxnf") -> k'?if | N30: B/C | Q30: Nepali | R30: 29 | S30: 9849076864 | T30: 2049-5-5 | U30: 261/39912 | V30: Teacher | W30: MPhil | X30: English | Y30: Lower Basic | Z30: 3rd | AA30: Permanent | AB30: :yfoL
A31: Bagmati Province | B31: Rasuwa | D31: Gosaikunda Gaunpalika | F31: Rasuwa Ma V | H31: 290050006 | I31: 29005000677045 | J31: Menuka Tiwari | K31: d]g'sf ltjf/L | L31: F | M31: =IF(L31="M","k'?if","dlxnf") -> dlxnf | N31: B/C | O31: Nepali | P31: g]kfnL | Q31: Nepali | R31: 30 | S31: 9843785568 | T31: 2043-10-6 | U31: 12165 | V31: Teacher | W31: Masters | X31: Nepali | Y31: Lower Basic | Z31: 3rd | AA31: Permanent | AB31: :yfoL
A32: Bagmati Province | B32: Rasuwa | D32: Gosaikunda Gaunpalika | F32: Rasuwa Ma V | H32: 290050006 | I32: 29005000677045 | J32: Menuka Tiwari | L32: F | M32: =IF(L32="M","k'?if","dlxnf") -> dlxnf | N32: B/C | O32: Nepali | P32: g]kfnL | Q32: Nepali | R32: 31 | S32: 9843785568 | T32: 2043-10-6 | U32: 12165 | V32: Teacher | W32: Masters | X32: Nepali | Y32: Lower Basic | Z32: 3rd | AA32: Permanent | AB32: :yfoL
A33: Bagmati Province | B33: Rasuwa | D33: Gosaikunda Gaunpalika | F33: Rasuwa Ma V | H33: 290050006 | I33: 29005000677040 | J33: Suraj Bi Ka | K33: ;'/h las | L33: M | M33: =IF(L33="M","k'?if","dlxnf") -> k'?if | N33: D | O33: Nepali | P33: g]kfnL | Q33: Nepali | R33: 32 | S33: 9840261906 | T33: 2046-2-20 | U33: 303056/238 | V33: Teacher | W33: Masters | X33: Education | Y33: Secondary | Z33: 3rd | AA33: Permanent | AB33: :yfoL
A34: Bagmati Province | B34: Rasuwa | D34: Gosaikunda Gaunpalika | F34: Rasuwa Ma V | H34: 290050006 | I34: 29005000677040 | J34: Suraj Bi Ka | L34: M | M34: =IF(L34="M","k'?if","dlxnf") -> k'?if | N34: D | O34: Nepali | P34: g]kfnL | Q34: Nepali | R34: 33 | S34: 9840261906 | T34: 2046-2-20 | U34: 303056/238 | V34: Teacher | W34: Masters | X34: Education | Y34: Secondary | Z34: 3rd | AA34: Permanent | AB34: :yfoL
A35: Bagmati Province | B35: Rasuwa | D35: Gosaikunda Gaunpalika | F35: Rasuwa Ma V | H35: 290050006 | I35: 29005000677036 | J35: Padam Raj Bhatt | K35: kbd/fh eQ | L35: M | M35: =IF(L35="M","k'?if","dlxnf") -> k'?if | N35: B/C | O35: Nepali | P35: g]kfnL | Q35: Nepali | R35: 34 | S35: 9848780078 | T35: 2045-3-15 | U35: 29713 | V35: Teacher | W35: MPhil | X35: Education | Y35: Secondary | Z35: 2nd | AA35: Temporary | AB35: c:yfoL
A36: Bagmati Province | B36: Rasuwa | D36: Gosaikunda Gaunpalika | F36: Rasuwa Ma V | H36: 290050006 | I36: 29005000677036 | J36: Padam Raj Bhatt | L36: M | M36: =IF(L36="M","k'?if","dlxnf") -> k'?if | N36: B/C | O36: Nepali | P36: g]kfnL | Q36: Nepali | R36: 35 | S36: 9848780078 | T36: 2045-3-15 | U36: 29713 | V36: Teacher | W36: MPhil | X36: Education | Y36: Secondary | Z36: 2nd | AA36: Temporary | AB36: c:yfoL
A37: Bagmati Province | B37: Rasuwa | D37: Gosaikunda Gaunpalika | F37: Rasuwa Ma V | H37: 290050006 | I37: 29005000677035 | J37: Parbati Khanal | K37: kfj{tL vgfn | L37: F | M37: =IF(L37="M","k'?if","dlxnf") -> dlxnf | N37: B/C | O37: Nepali | P37: g]kfnL | Q37: Nepali | R37: 36 | S37: 9841889031 | T37: 2035-5-26 | U37: 19948 | V37: Teacher | W37: MPhil | X37: Education | Y37: Secondary | Z37: 3rd | AA37: Temporary | AB37: c:yfoL
A38: Bagmati Province | B38: Rasuwa | D38: Gosaikunda Gaunpalika | F38: Rasuwa Ma V | H38: 290050006 | I38: 29005000677034 | J38: Saraswati Thapa | K38: ;/:jtL yfkf | L38: F | M38: =IF(L38="M","k'?if","dlxnf") -> dlxnf | N38: O | O38: Nepali | P38: g]kfnL | Q38: Nepali | R38: 37 | T38: 2051-4-27 | U38: 101001/2463 | V38: Teacher | W38: Bachelors | X38: Education | Y38: ECD/PPC | Z38: 3rd | AA38: ECD Facilitator | AB38: O;L8L ;xof]uL
A39: Bagmati Province | B39: Rasuwa | D39: Gosaikunda Gaunpalika | F39: Rasuwa Ma V | H39: 290050006 | I39: 29005000677034 | J39: Saraswati Thapa | L39: F | M39: =IF(L39="M","k'?if","dlxnf") -> dlxnf | N39: O | O39: Nepali | P39: g]kfnL | Q39: Nepali | R39: 38 | T39: 2051-4-27 | U39: 101001/2463 | V39: Teacher | W39: Bachelors | X39: Education | Y39: ECD/PPC | Z39: 3rd | AA39: ECD Facilitator | AB39: O;L8L ;xof]uL
A40: Bagmati Province | B40: Rasuwa | D40: Gosaikunda Gaunpalika | F40: Rasuwa Ma V | H40: 290050006 | I40: 29005000677032 | J40: Tilak Ghising | K40: l6ns l3l;Ë | L40: M | M40: =IF(L40="M","k'?if","dlxnf") -> k'?if | N40: J | O40: Tamang | P40: tfdfË | Q40: Nepali | R40: 39 | S40: 9841018139 | T40: 2039-3-28 | U40: 200 | V40: Teacher | W40: MPhil | X40: Management | Y40: Higher Secondary | Z40: 3rd | AA40: Temporary | AB40: c:yfoL
A41: Bagmati Province | B41: Rasuwa | D41: Gosaikunda Gaunpalika | F41: Rasuwa Ma V | H41: 290050006 | I41: 29005000677032 | J41: Tilak Ghising | L41: M | M41: =IF(L41="M","k'?if","dlxnf") -> k'?if | N41: J | O41: Tamang | P41: tfdfË | Q41: Nepali | R41: 40 | S41: 9841018139 | T41: 2039-3-28 | U41: 200 | V41: Teacher | W41: MPhil | X41: Management | Y41: Higher Secondary | Z41: 3rd | AA41: Temporary | AB41: c:yfoL
A42: Bagmati Province | B42: Rasuwa | D42: Gosaikunda Gaunpalika | F42: Rasuwa Ma V | H42: 290050006 | I42: 29005000677030 | J42: Sujata Ghale | K42: ;'hftf 3n] | L42: F | M42: =IF(L42="M","k'?if","dlxnf") -> dlxnf | N42: J | O42: Tamang | P42: tfdfË | Q42: Nepali | R42: 41 | S42: 9741086524 | T42: 2046-10-15 | U42: 6473/2894 | V42: Teacher | W42: Masters | X42: Education | Y42: Upper Basic | Z42: 3rd | AA42: Permanent | AB42: :yfoL
A43: Bagmati Province | B43: Rasuwa | D43: Gosaikunda Gaunpalika | F43: Rasuwa Ma V | H43: 290050006 | I43: 29005000677028 | J43: Kippa Chhiring Tamang | K43: lsdf l5l/Ë tfdfË | L43: M | M43: =IF(L43="M","k'?if","dlxnf") -> k'?if | N43: J | O43: Tamang | P43: tfdfË | Q43: Nepali | R43: 42 | S43: 9741014084 | T43: 2021-10-1 | U43: 51/262 | V43: Teacher | W43: Intermediate | Y43: Lower Basic | Z43: 2nd | AA43: Permanent | AB43: :yfoL
A44: Bagmati Province | B44: Rasuwa | D44: Gosaikunda Gaunpalika | F44: Rasuwa Ma V | H44: 290050006 | I44: 29005000677028 | J44: Kippa Chhiring Tamang | L44: M | M44: =IF(L44="M","k'?if","dlxnf") -> k'?if | N44: J | O44: Tamang | P44: tfdfË | Q44: Nepali | R44: 43 | S44: 9741014084 | T44: 2021-10-1 | U44: 51/262 | V44: Teacher | W44: Intermediate | Y44: Lower Basic | Z44: 2nd | AA44: Permanent | AB44: :yfoL
A45: Bagmati Province | B45: Rasuwa | D45: Gosaikunda Gaunpalika | F45: Rasuwa Ma V | H45: 290050006 | I45: 29005000677021 | J45: Tempa Risang Ghale | K45: t]Dkf l/;fË 3n] | L45: M | M45: =IF(L45="M","k'?if","dlxnf") -> k'?if | N45: J | O45: Tamang | P45: tfdfË | Q45: Nepali | R45: 44 | S45: 9843110463 | T45: 2026-4-5 | U45: 1267/609 | V45: Head Teacher | W45: Masters | X45: Education | Y45: Upper Basic | Z45: 2nd | AA45: Permanent | AB45: :yfoL
A46: Bagmati Province | B46: Rasuwa | D46: Gosaikunda Gaunpalika | F46: Rasuwa Ma V | H46: 290050006 | I46: 29005000677021 | J46: Tempa Risang Ghale | L46: M | M46: =IF(L46="M","k'?if","dlxnf") -> k'?if | N46: J | O46: Tamang | P46: tfdfË | Q46: Nepali | R46: 45 | S46: 9843110463 | T46: 2026-4-5 | U46: 1267/609 | V46: Head Teacher | W46: Masters | X46: Education | Y46: Upper Basic | Z46: 2nd | AA46: Permanent | AB46: :yfoL
A47: Bagmati Province | B47: Rasuwa | D47: Gosaikunda Gaunpalika | F47: Rasuwa Ma V | H47: 290050006 | I47: 29005000677002 | J47: Chij Kumar Ghale | K47: lrh s'df/ 3n] | L47: M | M47: =IF(L47="M","k'?if","dlxnf") -> k'?if | N47: J | O47: Tamang | P47: tfdfË | Q47: Nepali | R47: 46 | S47: 9841888699 | T47: 2026-3-4 | U47: 435 | V47: Teacher | W47: Bachelors | X47: Education | Y47: Lower Basic | Z47: 2nd | AA47: Permanent | AB47: :yfoL
A48: Bagmati Province | B48: Rasuwa | D48: Gosaikunda Gaunpalika | F48: Rasuwa Ma V | H48: 290050006 | I48: 29005000677044 | J48: Laxmi Tiwari | K48: nlId ltjf/L | L48: F | M48: =IF(L48="M","k'?if","dlxnf") -> dlxnf | N48: B/C | O48: Nepali | P48: g]kfnL | Q48: Nepali | R48: 47 | S48: 9849434110 | T48: 2045-8-7 | U48: 6859/3119 | V48: Teacher | W48: MPhil | Y48: Lower Basic | Z48: 3rd | AA48: Permanent | AB48: :yfoL
A49: Bagmati Province | B49: Rasuwa | D49: Gosaikunda Gaunpalika | F49: Rasuwa Ma V | H49: 290050006 | I49: 29005000677044 | J49: Laxmi Tiwari | L49: F | M49: =IF(L49="M","k'?if","dlxnf") -> dlxnf | N49: B/C | O49: Nepali | P49: g]kfnL | Q49: Nepali | R49: 48 | S49: 9849434110 | T49: 2045-8-7 | U49: 6859/3119 | V49: Teacher | W49: MPhil | Y49: Lower Basic | Z49: 3rd | AA49: Permanent | AB49: :yfoL
A50: Bagmati Province | B50: Rasuwa | D50: Gosaikunda Gaunpalika | F50: Rasuwa Ma V | H50: 290050006 | I50: 29005000677043 | J50: Ramesh Adhikari | K50: /d]z clwsf/L | L50: M | M50: =IF(L50="M","k'?if","dlxnf") -> k'?if | N50: B/C | O50: Nepali | P50: g]kfnL | Q50: Nepali | R50: 49 | S50: 9841921810 | T50: 2046-4-3 | U50: 108527 | V50: Teacher | W50: MPhil | X50: Physics | Y50: Secondary | Z50: 3rd | AA50: Permanent | AB50: :yfoL
A51: Bagmati Province | B51: Rasuwa | D51: Gosaikunda Gaunpalika | F51: Rasuwa Ma V | H51: 290050006 | I51: 29005000677043 | J51: Ramesh Adhikari | L51: M | M51: =IF(L51="M","k'?if","dlxnf") -> k'?if | N51: B/C | O51: Nepali | P51: g]kfnL | Q51: Nepali | R51: 50 | S51: 9841921810 | T51: 2046-4-3 | U51: 108527 | V51: Teacher | W51: MPhil | X51: Physics | Y51: Secondary | Z51: 3rd | AA51: Permanent | AB51: :yfoL
A52: Bagmati Province | B52: Rasuwa | D52: Gosaikunda Gaunpalika | F52: Rasuwa Ma V | H52: 290050006 | I52: 29005000677037 | J52: Kamana Ojha | K52: sfdgf cf]hf | L52: F | M52: =IF(L52="M","k'?if","dlxnf") -> dlxnf | N52: B/C | O52: Nepali | P52: g]kfnL | Q52: Nepali | R52: 51 | T52: 2050-7-11 | U52: 231015 | V52: Teacher | W52: Bachelors | Y52: Upper Basic | Z52: 3rd | AA52: Temporary | AB52: c:yfoL
A53: Bagmati Province | B53: Rasuwa | D53: Gosaikunda Gaunpalika | F53: Rasuwa Ma V | H53: 290050006 | I53: 29005000677037 | J53: Kamana Ojha | L53: F | M53: =IF(L53="M","k'?if","dlxnf") -> dlxnf | N53: B/C | O53: Nepali | P53: g]kfnL | Q53: Nepali | R53: 52 | T53: 2050-7-11 | U53: 231015 | V53: Teacher | W53: Bachelors | Y53: Upper Basic | Z53: 3rd | AA53: Temporary | AB53: c:yfoL
A54: Bagmati Province | B54: Rasuwa | D54: Gosaikunda Gaunpalika | F54: Rasuwa Ma V | H54: 290050006 | I54: 29005000677042 | J54: Chandra Shekhar Kasula | K54: rGb| z]v/ sf}znf | L54: M | M54: =IF(L54="M","k'?if","dlxnf") -> k'?if | N54: J | O54: Newari | P54: g]jf/L | Q54: Nepali | R54: 53 | S54: 9840058885 | T54: 2047-5-14 | U54: 293012/206 | V54: Teacher | W54: MPhil | X54: Education | Y54: Secondary | Z54: 3rd | AA54: Permanent | AB54: :yfoL
A55: Bagmati Province | B55: Rasuwa | D55: Gosaikunda Gaunpalika | F55: Rasuwa Ma V | H55: 290050006 | I55: 29005000677042 | J55: Chandra Shekhar Kasula | L55: M | M55: =IF(L55="M","k'?if","dlxnf") -> k'?if | N55: J | O55: Newari | P55: g]jf/L | Q55: Nepali | R55: 54 | S55: 9840058885 | T55: 2047-5-14 | U55: 293012/206 | V55: Teacher | W55: MPhil | X55: Education | Y55: Secondary | Z55: 3rd | AA55: Permanent | AB55: :yfoL
A56: Bagmati Province | B56: Rasuwa | D56: Gosaikunda Gaunpalika | F56: Rasuwa Ma V | H56: 290050006 | I56: 29005000677040 | J56: Suraj Bi Ka | K56: ;'/h las | L56: M | M56: =IF(L56="M","k'?if","dlxnf") -> k'?if | N56: D | O56: Nepali | P56: g]kfnL | Q56: Nepali | R56: 55 | S56: 9840261906 | T56: 2046-2-20 | U56: 303056/238 | V56: Teacher | W56: Masters | X56: Education | Y56: Secondary | Z56: 3rd | AA56: Permanent | AB56: :yfoL
A57: Bagmati Province | B57: Rasuwa | D57: Gosaikunda Gaunpalika | F57: Rasuwa Ma V | H57: 290050006 | I57: 29005000677040 | J57: Suraj Bi Ka | L57: M | M57: =IF(L57="M","k'?if","dlxnf") -> k'?if | N57: D | O57: Nepali | P57: g]kfnL | Q57: Nepali | R57: 56 | S57: 9840261906 | T57: 2046-2-20 | U57: 303056/238 | V57: Teacher | W57: Masters | X57: Education | Y57: Secondary | Z57: 3rd | AA57: Permanent | AB57: :yfoL
A58: Bagmati Province | B58: Rasuwa | D58: Gosaikunda Gaunpalika | F58: Rasuwa Ma V | H58: 290050006 | I58: 29005000677038 | J58: Maya Sherpa | K58: dfof z]kf{ | L58: F | M58: =IF(L58="M","k'?if","dlxnf") -> dlxnf | N58: J | O58: Tamang | P58: tfdfË | Q58: Nepali | R58: 57 | T58: 2034-10-1 | U58: 3781 | V58: Teacher | W58: Bachelors | X58: Education | Y58: Lower Basic | Z58: 3rd | AA58: Permanent | AB58: :yfoL
A59: Bagmati Province | B59: Rasuwa | D59: Gosaikunda Gaunpalika | F59: Rasuwa Ma V | H59: 290050006 | I59: 29005000677038 | J59: Maya Sherpa | L59: F | M59: =IF(L59="M","k'?if","dlxnf") -> dlxnf | N59: J | O59: Tamang | P59: tfdfË | Q59: Nepali | R59: 58 | T59: 2034-10-1 | U59: 3781 | V59: Teacher | W59: Bachelors | X59: Education | Y59: Lower Basic | Z59: 3rd | AA59: Permanent | AB59: :yfoL
A60: Bagmati Province | B60: Rasuwa | D60: Gosaikunda Gaunpalika | F60: Rasuwa Ma V | H60: 290050006 | I60: 29005000677037 | J60: Kamana Ojha | K60: sfdgf cf]hf | L60: F | M60: =IF(L60="M","k'?if","dlxnf") -> dlxnf | N60: B/C | O60: Nepali | P60: g]kfnL | Q60: Nepali | R60: 59 | T60: 2050-7-11 | U60: 231015 | V60: Teacher | W60: Bachelors | Y60: Upper Basic | Z60: 3rd | AA60: Temporary | AB60: c:yfoL
A61: Bagmati Province | B61: Rasuwa | D61: Gosaikunda Gaunpalika | F61: Rasuwa Ma V | H61: 290050006 | I61: 29005000677037 | J61: Kamana Ojha | L61: F | M61: =IF(L61="M","k'?if","dlxnf") -> dlxnf | N61: B/C | O61: Nepali | P61: g]kfnL | Q61: Nepali | R61: 60 | T61: 2050-7-11 | U61: 231015 | V61: Teacher | W61: Bachelors | Y61: Upper Basic | Z61: 3rd | AA61: Temporary | AB61: c:yfoL
A62: Bagmati Province | B62: Rasuwa | D62: Gosaikunda Gaunpalika | F62: Gyanjoti Pra V | H62: 290050007 | I62: 29005000777002 | J62: Jun Maya Tamang | K62: h'g dfof tfdfË | L62: F | M62: =IF(L62="M","k'?if","dlxnf") -> dlxnf | N62: J | O62: Tamang | P62: tfdfË | Q62: Nepali | R62: 61 | S62: 9810180303 | T62: 2055-5-28 | U62: 230/74000135 | V62: Teacher | W62: SLC | Y62: ECD/PPC | Z62: 3rd | AA62: ECD Facilitator | AB62: O;L8L ;xof]uL
A63: Bagmati Province | B63: Rasuwa | D63: Gosaikunda Gaunpalika | F63: Gyanjoti Pra V | H63: 290050007 | I63: 29005000777001 | J63: Lalkaji Tamang | K63: nfnsfhL tfdfË | L63: M | M63: =IF(L63="M","k'?if","dlxnf") -> k'?if | N63: J | O63: Tamang | P63: tfdfË | Q63: Nepali | R63: 62 | T63: 2035-4-15 | U63: 4744/556 | V63: Head Teacher | W63: Intermediate | X63: Education | Y63: Lower Basic | Z63: 3rd | AA63: Permanent | AB63: :yfoL
A64: Bagmati Province | B64: Rasuwa | D64: Gosaikunda Gaunpalika | F64: Nepal Rastriya Pra V | H64: 290110001 | I64: 29011000177001 | J64: Phinjo Tamang | K64: lkmGhf] tfdfË | L64: M | M64: =IF(L64="M","k'?if","dlxnf") -> k'?if | N64: J | Q64: Nepali | R64: 63 | T64: 2040-5-20 | U64: 3375 | V64: Teacher | W64: SLC | Y64: Lower Basic | Z64: 3rd | AA64: Permanent | AB64: :yfoL
A65: Bagmati Province | B65: Rasuwa | D65: Gosaikunda Gaunpalika | F65: Nepal Rastriya Pra V | H65: 290110001 | I65: 29011000177002 | J65: Nurchung Tamang | K65: Gx'R5] tfdfË | L65: M | M65: =IF(L65="M","k'?if","dlxnf") -> k'?if | N65: J | O65: Tamang | P65: tfdfË | Q65: Nepali | R65: 64 | S65: 9741309561 | T65: 2036-10-9 | U65: 1320384 | V65: Head Teacher | W65: SLC | Y65: Lower Basic | Z65: 3rd | AA65: Permanent | AB65: :yfoL
A66: Bagmati Province | B66: Rasuwa | D66: Gosaikunda Gaunpalika | F66: Komin Shyamewanphel Ma V | H66: 290140001 | I66: 29014000177037 | J66: Manisha Tamang | K66: dlgiff tfdfË | L66: F | M66: =IF(L66="M","k'?if","dlxnf") -> dlxnf | N66: J | O66: Tamang | P66: tfdfË | Q66: Nepali | R66: 65 | S66: 9860384112 | T66: 2055-4-26 | U66: 23017/200511 | V66: Teacher | W66: Intermediate | X66: Manangement | Y66: ECD/PPC | Z66: 3rd | AA66: ECD Facilitator | AB66: O;L8L ;xof]uL
A67: Bagmati Province | B67: Rasuwa | D67: Gosaikunda Gaunpalika | F67: Komin Shyamewanphel Ma V | H67: 290140001 | I67: 29014000177033 | J67: Rajan Sedhain | K67: /fhg ;]bfO{ | L67: M | M67: =IF(L67="M","k'?if","dlxnf") -> k'?if | N67: B/C | O67: Nepali | P67: g]kfnL | Q67: Nepali | R67: 66 | S67: 9841760046 | T67: 2040-1-8 | U67: 37137 | V67: Teacher | W67: Masters | X67: Math | Y67: Upper Basic | Z67: 3rd | AA67: Permanent | AB67: :yfoL
A68: Bagmati Province | B68: Rasuwa | D68: Gosaikunda Gaunpalika | F68: Komin Shyamewanphel Ma V | H68: 290140001 | I68: 29014000177035 | J68: Urmila Upadhay | K68: pld{nf pkfWofo | L68: F | M68: =IF(L68="M","k'?if","dlxnf") -> dlxnf | N68: B/C | O68: Nepali | P68: g]kfnL | Q68: Nepali | R68: 67 | S68: 9841610903 | T68: 2038-5-10 | U68: 33088 | V68: Teacher | W68: Masters | X68: Nepali | Y68: Lower Basic | Z68: 3rd | AA68: Permanent | AB68: :yfoL
A69: Bagmati Province | B69: Rasuwa | D69: Gosaikunda Gaunpalika | F69: Komin Shyamewanphel Ma V | H69: 290140001 | I69: 29014000177034 | J69: Phulmaya Sharma | K69: k'mndfof zdf{ | L69: F | M69: =IF(L69="M","k'?if","dlxnf") -> dlxnf | N69: B/C | O69: Nepali | P69: g]kfnL | Q69: Nepali | R69: 68 | S69: 9843308877 | T69: 2043-10-13 | U69: 196787 | V69: Teacher | W69: Intermediate | Y69: Lower Basic | Z69: 3rd | AA69: Permanent | AB69: :yfoL
A70: Bagmati Province | B70: Rasuwa | D70: Gosaikunda Gaunpalika | F70: Komin Shyamewanphel Ma V | H70: 290140001 | I70: 29014000177031 | J70: Padam Bahadur Basnet | K70: kbd axfb'/ a:g]t | L70: M | M70: =IF(L70="M","k'?if","dlxnf") -> k'?if | N70: B/C | O70: Nepali | P70: g]kfnL | Q70: Nepali | R70: 69 | S70: 9851169720 | T70: 2041-7-16 | U70: 1603 | V70: Teacher | W70: Masters | X70: Education | Y70: Secondary | Z70: 3rd | AA70: Permanent | AB70: :yfoL
A71: Bagmati Province | B71: Rasuwa | D71: Gosaikunda Gaunpalika | F71: Komin Shyamewanphel Ma V | H71: 290140001 | I71: 29014000177032 | J71: Bishnu Prasad Paudyal | K71: lai0f' k|;fb kf}8]n | L71: M | M71: =IF(L71="M","k'?if","dlxnf") -> k'?if | N71: B/C | O71: Nepali | P71: g]kfnL | Q71: Nepali | R71: 70 | S71: 9841115175 | T71: 2037-6-11 | U71: 2180 | V71: Teacher | W71: Masters | X71: Nepali | Y71: Upper Basic | Z71: 3rd | AA71: Permanent | AB71: :yfoL
A72: Bagmati Province | B72: Rasuwa | D72: Gosaikunda Gaunpalika | F72: Komin Shyamewanphel Ma V | H72: 290140001 | I72: 29014000177029 | J72: Uddabkrishna Pandey | K72: pbjs[i0f kfF8] | L72: M | M72: =IF(L72="M","k'?if","dlxnf") -> k'?if | N72: B/C | O72: Nepali | P72: g]kfnL | Q72: Nepali | R72: 71 | S72: 9860089686 | T72: 2037-5-24 | U72: 21408 | V72: Teacher | W72: Masters | X72: Education | Y72: Secondary | Z72: 1st | AA72: Permanent | AB72: :yfoL
A73: Bagmati Province | B73: Rasuwa | D73: Gosaikunda Gaunpalika | F73: Komin Shyamewanphel Ma V | H73: 290140001 | I73: 29014000177030 | J73: Kishor Kumar Purkoti | K73: lszf]/ s'df/ k'/sf]tL | L73: M | M73: =IF(L73="M","k'?if","dlxnf") -> k'?if | N73: D | O73: Nepali | P73: g]kfnL | Q73: Nepali | R73: 72 | S73: 9841053323 | T73: 2041-11-5 | U73: 9486 | V73: Teacher | W73: Masters | X73: Science | Y73: Secondary | Z73: 3rd | AA73: Permanent | AB73: :yfoL
A74: Bagmati Province | B74: Rasuwa | D74: Gosaikunda Gaunpalika | F74: Komin Shyamewanphel Ma V | H74: 290140001 | I74: 29014000177026 | J74: Brijlal Bhattarai | K74: la|hfn eQ/fO{ | L74: M | M74: =IF(L74="M","k'?if","dlxnf") -> k'?if | N74: B/C | O74: Nepali | P74: g]kfnL | Q74: Nepali | R74: 73 | S74: 9840722995 | T74: 2046-11-28 | U74: 611010/6036/2509 | V74: Teacher | W74: Masters | X74: Education | Y74: Lower Basic | Z74: 3rd | AA74: Permanent | AB74: :yfoL
A75: Bagmati Province | B75: Rasuwa | D75: Gosaikunda Gaunpalika | F75: Komin Shyamewanphel Ma V | H75: 290140001 | I75: 29014000177028 | J75: Rajaram Shah | K75: /fhf/fd zfx | L75: M | M75: =IF(L75="M","k'?if","dlxnf") -> k'?if | N75: O | P75: g]kfnL | Q75: Nepali | R75: 74 | S75: 9849097436 | T75: 2039-5-9 | U75: 135-1159 | V75: Teacher | W75: Masters | X75: Busins | Y75: Higher Secondary | Z75: 2nd | AA75: Temporary | AB75: c:yfoL
A76: Bagmati Province | B76: Rasuwa | D76: Gosaikunda Gaunpalika | F76: Komin Shyamewanphel Ma V | H76: 290140001 | I76: 29014000177027 | J76: Shanti Adhikari | K76: zflGt clwsf/L | L76: F | M76: =IF(L76="M","k'?if","dlxnf") -> dlxnf | N76: B/C | O76: Nepali | P76: g]kfnL | Q76: Nepali | R76: 75 | S76: 9840722995 | T76: 2048-8-11 | U76: 611001/3872/1263 | V76: Teacher | W76: SLC | Y76: Lower Basic | Z76: 3rd | AA76: Temporary | AB76: c:yfoL
A77: Bagmati Province | B77: Rasuwa | D77: Gosaikunda Gaunpalika | F77: Komin Shyamewanphel Ma V | H77: 290140001 | I77: 29014000177024 | J77: Nabaraj Paudel | K77: gj/fh kf}8]n | L77: M | M77: =IF(L77="M","k'?if","dlxnf") -> k'?if | N77: B/C | O77: Nepali | P77: g]kfnL | Q77: Nepali | R77: 76 | S77: 9841083500 | T77: 2020-9-27 | U77: 926/1670 | V77: Teacher | W77: Bachelors | X77: Edu | Y77: Secondary | Z77: 3rd | AA77: Temporary | AB77: c:yfoL
A78: Bagmati Province | B78: Rasuwa | D78: Gosaikunda Gaunpalika | F78: Komin Shyamewanphel Ma V | H78: 290140001 | I78: 29014000177025 | J78: Dipman Gurung | K78: lbkdfg u'?Ë | L78: M | M78: =IF(L78="M","k'?if","dlxnf") -> k'?if | N78: J | O78: Gurung | P78: u'?Ë | Q78: Nepali | R78: 77 | S78: 9860122914 | T78: 2041-2-11 | U78: 41447 | V78: Teacher | W78: Masters | X78: Education | Y78: Secondary | Z78: 3rd | AA78: Permanent | AB78: :yfoL
A79: Bagmati Province | B79: Rasuwa | D79: Gosaikunda Gaunpalika | F79: Komin Shyamewanphel Ma V | H79: 290140001 | I79: 29014000177023 | J79: Ram Bahadur Tamang | K79: /fd axfb'/ tfdfË | L79: M | M79: =IF(L79="M","k'?if","dlxnf") -> k'?if | N79: J | O79: Tamang | P79: tfdfË | Q79: Nepali | R79: 78 | S79: 9741033328 | T79: 2024-2-16 | U79: 4999 | V79: Teacher | W79: Intermediate | X79: Education | Y79: Lower Basic | Z79: 2nd | AA79: Permanent | AB79: :yfoL
A80: Bagmati Province | B80: Rasuwa | D80: Gosaikunda Gaunpalika | F80: Komin Shyamewanphel Ma V | H80: 290140001 | I80: 29014000177017 | J80: Pratima Lama | K80: k|ltdf nfdf | L80: F | M80: =IF(L80="M","k'?if","dlxnf") -> dlxnf | N80: J | O80: Tamang | P80: tfdfË | Q80: Nepali | R80: 79 | S80: 9851253169 | T80: 2042-8-17 | U80: 2225/1351 | V80: Teacher | W80: Bachelors | X80: Education | Y80: Lower Basic | Z80: 3rd | AA80: Permanent | AB80: :yfoL
A81: Bagmati Province | B81: Rasuwa | D81: Gosaikunda Gaunpalika | F81: Komin Shyamewanphel Ma V | H81: 290140001 | I81: 29014000177016 | J81: Samten Dolma Lama | K81: ;dt]g bf]Ndf nfdf | L81: F | M81: =IF(L81="M","k'?if","dlxnf") -> dlxnf | N81: J | O81: Sherpa | P81: z]kf{ | Q81: Nepali | R81: 80 | S81: 9741350426 | T81: 2037-1-21 | U81: 3316-14 | V81: Teacher | W81: Intermediate | X81: Education | Y81: Lower Basic | Z81: 3rd | AA81: Temporary | AB81: c:yfoL
A82: Bagmati Province | B82: Rasuwa | D82: Gosaikunda Gaunpalika | F82: Komin Shyamewanphel Ma V | H82: 290140001 | I82: 29014000177013 | J82: Phurpu Tamang | K82: k'mk' tfdfË | L82: F | M82: =IF(L82="M","k'?if","dlxnf") -> dlxnf | N82: J | O82: Tamang | P82: tfdfË | Q82: Nepali | R82: 81 | S82: 9860056532 | T82: 2033-4-13 | U82: 4158 | V82: Teacher | W82: Intermediate | Y82: Lower Basic | Z82: 2nd | AA82: Permanent | AB82: :yfoL
A83: Bagmati Province | B83: Rasuwa | D83: Gosaikunda Gaunpalika | F83: Komin Shyamewanphel Ma V | H83: 290140001 | I83: 29014000177008 | J83: Lok Nath Nepal | K83: nf]s gfy g]kfn | L83: M | M83: =IF(L83="M","k'?if","dlxnf") -> k'?if | N83: B/C | O83: Nepali | P83: g]kfnL | Q83: Nepali | R83: 82 | S83: 9840504684 | T83: 2020-7-16 | U83: 54341249 | V83: Head Teacher | W83: Bachelors | X83: Education | Y83: Upper Basic | Z83: 3rd | AA83: Permanent | AB83: :yfoL
A84: Bagmati Province | B84: Rasuwa | D84: Gosaikunda Gaunpalika | F84: Komin Shyamewanphel Ma V | H84: 290140001 | I84: 29014000177010 | J84: Ambika Karki | K84: clDasf sfsL{ | L84: F | M84: =IF(L84="M","k'?if","dlxnf") -> dlxnf | N84: O | O84: Nepali | P84: g]kfnL | Q84: Nepali | R84: 83 | S84: 9741086452 | T84: 2035-3-18 | U84: 66480127 | V84: Teacher | W84: Masters | X84: Sociology | Y84: Higher Secondary | Z84: 2nd | AA84: Temporary | AB84: c:yfoL
A85: Bagmati Province | B85: Rasuwa | D85: Gosaikunda Gaunpalika | F85: Komin Shyamewanphel Ma V | H85: 290140001 | I85: 29014000177003 | J85: Khagaraj Acharya | K85: vu/fh cfrfo{ | L85: M | M85: =IF(L85="M","k'?if","dlxnf") -> k'?if | N85: B/C | O85: Nepali | P85: g]kfnL | Q85: Nepali | R85: 84 | S85: 9849223057 | T85: 2028-6-9 | U85: 9030-454 | V85: Teacher | W85: Masters | X85: English | Y85: Secondary | Z85: 3rd | AA85: Rahat | AB85: /fxt
A86: Bagmati Province | B86: Rasuwa | D86: Gosaikunda Gaunpalika | F86: Komin Shyamewanphel Ma V | H86: 290140001 | I86: 29014000177036 | J86: Semsang Tamang | K86: ;fd;Ë tfdfË | L86: F | M86: =IF(L86="M","k'?if","dlxnf") -> dlxnf | N86: J | O86: Tamang | P86: tfdfË | Q86: Nepali | R86: 85 | S86: 9848533940 | T86: 2053-9-8 | U86: 23017100332 | V86: Teacher | W86: Intermediate | X86: Management | Y86: ECD/PPC | Z86: 3rd | AA86: ECD Facilitator | AB86: O;L8L ;xof]uL
A87: Bagmati Province | B87: Rasuwa | D87: Gosaikunda Gaunpalika | F87: Bhimsen Adharbhut Vidyalaya | H87: 290140003 | I87: 29014000377011 | J87: Shanti Adhikari | K87: zflGt clwsf/L | L87: F | M87: =IF(L87="M","k'?if","dlxnf") -> dlxnf | N87: B/C | O87: Nepali | P87: g]kfnL | Q87: Nepali | R87: 86 | T87: 2048-8-11 | U87: 610001/3872 | V87: Teacher | W87: Bachelors | X87: Edu | Y87: Lower Basic | Z87: 3rd | AA87: Temporary | AB87: c:yfoL
A88: Bagmati Province | B88: Rasuwa | D88: Gosaikunda Gaunpalika | F88: Bhimsen Adharbhut Vidyalaya | H88: 290140003 | I88: 29014000377010 | J88: Brijlal Bhattarai | K88: la|hfn eQ/fO{ | L88: M | M88: =IF(L88="M","k'?if","dlxnf") -> k'?if | N88: B/C | O88: Nepali | P88: g]kfnL | Q88: Nepali | R88: 87 | S88: 984072995 | T88: 2046-11-28 | U88: 611010/6036 | V88: Teacher | W88: Masters | X88: Edu | Y88: Lower Basic | Z88: 3rd | AA88: Permanent | AB88: :yfoL
A89: Bagmati Province | B89: Rasuwa | D89: Gosaikunda Gaunpalika | F89: Bhimsen Adharbhut Vidyalaya | H89: 290140003 | I89: 29014000377009 | J89: Menjin Tamang | K89: d]ghLg tfdfË | L89: F | M89: =IF(L89="M","k'?if","dlxnf") -> dlxnf | N89: J | O89: Tamang | P89: tfdfË | Q89: Nepali | R89: 88 | T89: 2049-1-13 | U89: 1002/1915 | V89: Teacher | W89: Intermediate | X89: Education | Y89: ECD/PPC | Z89: 3rd | AA89: ECD Facilitator | AB89: O;L8L ;xof]uL
A90: Bagmati Province | B90: Rasuwa | D90: Gosaikunda Gaunpalika | F90: Bhimsen Adharbhut Vidyalaya | H90: 290140003 | I90: 29014000377008 | J90: Roshan Baskota | K90: /f]zg af;sf]6f | L90: M | M90: =IF(L90="M","k'?if","dlxnf") -> k'?if | N90: B/C | O90: Tamang | P90: tfdfË | Q90: Nepali | R90: 89 | S90: 9860918841 | T90: 2046-6-16 | U90: 12323 | V90: Teacher | W90: Intermediate | X90: Education | Y90: Lower Basic | Z90: 3rd | AA90: Temporary | AB90: c:yfoL
A91: Bagmati Province | B91: Rasuwa | D91: Gosaikunda Gaunpalika | F91: Bhimsen Adharbhut Vidyalaya | H91: 290140003 | I91: 29014000377007 | J91: Dipak Paudel | K91: lbks kf}8]n | L91: M | M91: =IF(L91="M","k'?if","dlxnf") -> k'?if | N91: B/C | O91: Nepali | P91: g]kfnL | Q91: Nepali | R91: 90 | S91: 9860235527 | T91: 2041-5-4 | U91: 563/1043 | V91: Teacher | W91: Intermediate | X91: Education | Y91: Upper Basic | Z91: 3rd | AA91: Rahat | AB91: /fxt
A92: Bagmati Province | B92: Rasuwa | D92: Gosaikunda Gaunpalika | F92: Bhimsen Adharbhut Vidyalaya | H92: 290140003 | I92: 29014000377005 | J92: SAMJHANA TAMANG | K92: ;Demgf tfdfË | L92: M | M92: =IF(L92="M","k'?if","dlxnf") -> k'?if | N92: J | O92: Tamang | P92: tfdfË | Q92: Nepali | R92: 91 | S92: 9808890681 | T92: 2042-1-14 | U92: 1308-2043 | V92: Teacher | Y92: Lower Basic | Z92: 3rd | AA92: Rahat | AB92: /fxt
A93: Bagmati Province | B93: Rasuwa | D93: Gosaikunda Gaunpalika | F93: Bhimsen Adharbhut Vidyalaya | H93: 290140003 | I93: 29014000377006 | J93: Karma Chhemjom Tamang | K93: sd{ 5]Ghf]d tfdfË | L93: F | M93: =IF(L93="M","k'?if","dlxnf") -> dlxnf | N93: J | O93: Tamang | P93: tfdfË | Q93: Nepali | R93: 92 | S93: 9849822343 | T93: 2039-8-4 | V93: Teacher | W93: Intermediate | X93: Education | Y93: Lower Basic | Z93: 3rd | AA93: Rahat | AB93: /fxt
A94: Bagmati Province | B94: Rasuwa | D94: Gosaikunda Gaunpalika | F94: Bhimsen Adharbhut Vidyalaya | H94: 290140003 | I94: 29014000377002 | J94: Urmila Lama | K94: pld{nf nfdf | L94: F | M94: =IF(L94="M","k'?if","dlxnf") -> dlxnf | N94: J | O94: Tamang | P94: tfdfË | Q94: Nepali | R94: 93 | S94: 9843404440 | T94: 2033-8-3 | U94: 3769 | V94: Teacher | W94: Intermediate | X94: Edu | Y94: Lower Basic | Z94: 3rd | AA94: Permanent | AB94: :yfoL
A95: Bagmati Province | B95: Rasuwa | D95: Gosaikunda Gaunpalika | F95: Bhimsen Adharbhut Vidyalaya | H95: 290140003 | I95: 29014000377004 | J95: Pemawanmo Tamang | K95: k]df jËdf] tfdfË | L95: M | M95: =IF(L95="M","k'?if","dlxnf") -> k'?if | N95: J | O95: Tamang | P95: tfdfË | Q95: Nepali | R95: 94 | S95: 9841903990 | T95: 2037-3-28 | U95: 5637-400 | V95: Teacher | W95: Intermediate | X95: Education | Y95: Lower Basic | Z95: 3rd | AA95: Permanent | AB95: :yfoL
A96: Bagmati Province | B96: Rasuwa | D96: Gosaikunda Gaunpalika | F96: Nepal Rastriya Adharbhut Vidyalaya | H96: 290140005 | I96: 29014000577011 | J96: Janak Bahadur Bhandari | K96: hgs axfb'/ eG8f/L | L96: M | M96: =IF(L96="M","k'?if","dlxnf") -> k'?if | N96: B/C | O96: Nepali | P96: g]kfnL | Q96: Nepali | R96: 95 | S96: 9848886027 | T96: 2043-10-6 | V96: Teacher | W96: Bachelors | Y96: Lower Basic | Z96: 3rd | AA96: Permanent | AB96: :yfoL
A97: Bagmati Province | B97: Rasuwa | D97: Gosaikunda Gaunpalika | F97: Nepal Rastriya Adharbhut Vidyalaya | H97: 290140005 | I97: 29014000577010 | J97: Lalit Bohara | K97: nlnt af]x/f | L97: M | M97: =IF(L97="M","k'?if","dlxnf") -> k'?if | N97: B/C | O97: Nepali | P97: g]kfnL | Q97: Nepali | R97: 96 | S97: 9842874717 | T97: 2037-12-5 | V97: Teacher | W97: Masters | Y97: Lower Basic | Z97: 3rd | AA97: Permanent | AB97: :yfoL
A98: Bagmati Province | B98: Rasuwa | D98: Gosaikunda Gaunpalika | F98: Nepal Rastriya Adharbhut Vidyalaya | H98: 290140005 | I98: 29014000577009 | J98: Kumar Paudel | K98: s'df/ kf}8]n | L98: M | M98: =IF(L98="M","k'?if","dlxnf") -> k'?if | N98: B/C | O98: Nepali | P98: g]kfnL | Q98: Nepali | R98: 97 | S98: 9808204227 | T98: 2042-11-20 | V98: Teacher | W98: Bachelors | Y98: Lower Basic | Z98: 3rd | AA98: Permanent | AB98: :yfoL
A99: Bagmati Province | B99: Rasuwa | D99: Gosaikunda Gaunpalika | F99: Nepal Rastriya Adharbhut Vidyalaya | H99: 290140005 | I99: 29014000577001 | J99: Chhesum Lama | K99: l5;'d nfdf | L99: F | M99: =IF(L99="M","k'?if","dlxnf") -> dlxnf | N99: J | O99: Tamang | P99: tfdfË | Q99: Nepali | R99: 98 | S99: 9808969688 | T99: 2042-8-3 | U99: 4876-71 | V99: Head Teacher | W99: Intermediate | X99: Commerce | Y99: Upper Basic | Z99: 3rd | AA99: Rahat | AB99: /fxt
A100: Bagmati Province | B100: Rasuwa | D100: Gosaikunda Gaunpalika | F100: Nepal Rastriya Adharbhut Vidyalaya | H100: 290140005 | I100: 29014000577008 | J100: Dhurba Prasad Lamichhane | K100: w|'a k|;fb nfld5fg] | L100: M | M100: =IF(L100="M","k'?if","dlxnf") -> k'?if | N100: B/C | O100: Nepali | P100: g]kfnL | Q100: Nepali | R100: 99 | S100: 9803674319 | T100: 2022-11-20 | V100: Teacher | W100: Masters | Y100: Upper Basic | Z100: 2nd | AA100: Permanent | AB100: :yfoL
...

Sheet list
A1: Province | B1: District | D1: Local Level | F1: School | H1: 290140001 | I1: 29014000177010 | J1: Ambika Karki | K1: clDasf sfsL{ | L1: F | M1: =IF(L1="M","k'?if","dlxnf") -> dlxnf | N1: O | O1: Nepali | P1: g]kfnL | Q1: Nepali | R1: 83 | S1: 9741086452 | T1: 2035-3-18 | U1: 66480127 | V1: Teacher | W1: Masters | X1: Sociology | Y1: Higher Secondary | Z1: 2nd | AA1: Temporary | AB1: c:yfoL
A2: Bagmati Province | B2: Rasuwa | D2: Gosaikunda Gaunpalika | F2: Pra V Khamging | H2: 290020002 | I2: 29002000277002 | J2: Temba Tamang | K2: t]Daf tfdfË | L2: M | M2: =IF(L2="M","k'?if","dlxnf") -> k'?if | N2: J | O2: Sherpa | P2: z]kf{ | Q2: Nepali | R2: 1 | S2: 9741016525 | T2: 2035-10-15 | U2: 4740-107 | V2: Teacher | W2: Intermediate | Y2: Lower Basic | Z2: 3rd | AA2: Permanent | AB2: :yfoL
A3: Bagmati Province | B3: Rasuwa | D3: Gosaikunda Gaunpalika | F3: Pra V Khamging | H3: 290020002 | I3: 29002000277003 | J3: Maya Sherpa | K3: dfof z]kf{ | L3: F | M3: =IF(L3="M","k'?if","dlxnf") -> dlxnf | N3: J | O3: Tamang | P3: tfdfË | Q3: Nepali | R3: 2 | S3: 9808712730 | T3: 2034-10-1 | U3: 3781 | V3: Teacher | W3: Bachelors | X3: Education | Y3: Lower Basic | Z3: 3rd | AA3: Permanent | AB3: :yfoL
A4: Bagmati Province | B4: Rasuwa | D4: Gosaikunda Gaunpalika | F4: Pra V Khamging | H4: 290020002 | I4: 29002000277001 | J4: Kabita Neupane | K4: slatf Gof}kfg] | L4: F | M4: =IF(L4="M","k'?if","dlxnf") -> dlxnf | N4: O | O4: Nepali | P4: g]kfnL | Q4: Nepali | R4: 3 | S4: 9741161789 | T4: 2042-1-18 | U4: 306 | V4: Teacher | W4: Masters | X4: Education | Y4: Lower Basic | Z4: 3rd | AA4: Temporary | AB4: c:yfoL
A5: Bagmati Province | B5: Rasuwa | D5: Gosaikunda Gaunpalika | F5: Lingling Pra V | H5: 290020003 | I5: 29002000377002 | J5: Nirmal Jang Sherpa | K5: lgd{n h+u z]kf{ | L5: M | M5: =IF(L5="M","k'?if","dlxnf") -> k'?if | N5: J | O5: Tamang | P5: tfdfË | Q5: Nepali | R5: 4 | S5: 9860228865 | T5: 2031-11-1 | U5: 3384 | V5: Teacher | W5: Masters | Y5: Lower Basic | Z5: 3rd | AA5: Permanent | AB5: :yfoL
A6: Bagmati Province | B6: Rasuwa | D6: Gosaikunda Gaunpalika | F6: Bhimali Pra V | H6: 290020003 | I6: 29002000377001 | J6: Sushil Koirala | K6: ;'lzn sf]O/fnf | L6: M | M6: =IF(L6="M","k'?if","dlxnf") -> k'?if | N6: O | O6: Nepali | P6: g]kfnL | Q6: Nepali | R6: 5 | S6: 9741035103 | T6: 2025-7-3 | U6: 700 | V6: Head Teacher | W6: Bachelors | X6: Education | Y6: Lower Basic | Z6: 3rd | AA6: Permanent | AB6: :yfoL
A7: Bagmati Province | B7: Rasuwa | D7: Gosaikunda Gaunpalika | F7: Bhimali Pra V | H7: 290050001 | I7: 29005000177001 | J7: Tulshingi Tamang | K7: t'lN;+uL tfdfË | L7: M | M7: =IF(L7="M","k'?if","dlxnf") -> k'?if | N7: J | O7: Tamang | P7: tfdfË | Q7: Nepali | R7: 6 | T7: 2027-1-15 | U7: 270-702 | V7: Head Teacher | W7: Intermediate | Y7: Lower Basic | Z7: 3rd | AA7: Permanent | AB7: :yfoL
A8: Bagmati Province | B8: Rasuwa | D8: Gosaikunda Gaunpalika | F8: Bhimali Pra V | H8: 290050001 | I8: 29005000177005 | J8: Yuna Thokra | K8: o'gf yf]s/f | L8: F | M8: =IF(L8="M","k'?if","dlxnf") -> dlxnf | N8: J | O8: Nepali | P8: tfdfË | Q8: Nepali | R8: 7 | T8: 2052-5-17 | U8: 155 | V8: Teacher | Y8: ECD/PPC | Z8: 3rd | AA8: ECD Facilitator | AB8: O;L8L ;xof]uL
A9: Bagmati Province | B9: Rasuwa | D9: Gosaikunda Gaunpalika | F9: Saraswati Adharbhut Vidyalaya | H9: 290050001 | I9: 29005000177006 | J9: Urmila Lama | K9: pld{nf nfdf | L9: F | M9: =IF(L9="M","k'?if","dlxnf") -> dlxnf | N9: J | O9: Tamang | P9: tfdfË | Q9: Nepali | R9: 8 | S9: 9843404440 | T9: 2033-8-3 | U9: 3769 | V9: Teacher | W9: Intermediate | X9: Edu | Y9: Lower Basic | Z9: 3rd | AA9: Permanent | AB9: :yfoL
A10: Bagmati Province | B10: Rasuwa | D10: Gosaikunda Gaunpalika | F10: Saraswati Adharbhut Vidyalaya | H10: 290050002 | I10: 29005000277007 | J10: Krishna Bahadur Kumal | K10: s[i0f axfb'/ s'dfn | L10: M | M10: =IF(L10="M","k'?if","dlxnf") -> k'?if | N10: J | O10: Nepali | P10: g]kfnL | Q10: Nepali | R10: 10 | T10: 2023-11-23 | U10: 424 | V10: Head Teacher | W10: SLC | Y10: Lower Basic | Z10: 3rd | AA10: Permanent | AB10: :yfoL
A11: Bagmati Province | B11: Rasuwa | D11: Gosaikunda Gaunpalika | F11: Saraswati Adharbhut Vidyalaya | H11: 290050002 | I11: 29005000277006 | J11: Yuna Tamang | K11: o'gf tfdfË | L11: F | M11: =IF(L11="M","k'?if","dlxnf") -> dlxnf | N11: J | O11: Tamang | P11: tfdfË | Q11: Nepali | R11: 11 | S11: 9823756146 | T11: 2054-10-17 | U11: 23/10/72/01088 | V11: Teacher | Y11: ECD/PPC | Z11: 3rd | AA11: ECD Facilitator | AB11: O;L8L ;xof]uL
A12: Bagmati Province | B12: Rasuwa | D12: Gosaikunda Gaunpalika | F12: Saraswati Adharbhut Vidyalaya | H12: 290050003 | I12: 29005000377010 | J12: Durga Bhatta | K12: b\uf{ eQ | L12: F | M12: =IF(L12="M","k'?if","dlxnf") -> dlxnf | N12: B/C | O12: Nepali | P12: g]kfnL | Q12: Nepali | R12: 12 | T12: 2046-11-27 | U12: 113572 | V12: Teacher | W12: Bachelors | Y12: Lower Basic | Z12: 3rd | AA12: Permanent | AB12: :yfoL
A13: Bagmati Province | B13: Rasuwa | D13: Gosaikunda Gaunpalika | F13: Saraswati Adharbhut Vidyalaya | H13: 290050003 | I13: 29005000377012 | J13: Samjhana Tamang | K13: ;Demgf tfdfË | L13: F | M13: =IF(L13="M","k'?if","dlxnf") -> dlxnf | N13: J | O13: Tamang | P13: tfdfË | Q13: Nepali | R13: 13 | S13: 9845353754 | T13: 2042-8-3 | U13: 1308/2043 | V13: Teacher | W13: Intermediate | Y13: Lower Basic | Z13: 3rd | AA13: Rahat | AB13: /fxt
A14: Bagmati Province | B14: Rasuwa | D14: Gosaikunda Gaunpalika | F14: Saraswati Adharbhut Vidyalaya | H14: 290050003 | I14: 29005000377011 | J14: Karma Chhenjom Tamanag | K14: s/df r]Ghf]Ë | L14: F | M14: =IF(L14="M","k'?if","dlxnf") -> dlxnf | N14: J | O14: Tamang | P14: tfdfË | Q14: Nepali | R14: 14 | S14: 9849822343 | T14: 2039-4-8 | U14: 134/59 | V14: Teacher | W14: Intermediate | Y14: Lower Basic | Z14: 3rd | AA14: Rahat | AB14: /fxt
A15: Bagmati Province | B15: Rasuwa | D15: Gosaikunda Gaunpalika | F15: Saraswati Adharbhut Vidyalaya | H15: 290050003 | I15: 29005000377009 | J15: Goma Adhikari | K15: uf]df clwsf/L | L15: F | M15: =IF(L15="M","k'?if","dlxnf") -> dlxnf | N15: B/C | O15: Nepali | P15: g]kfnL | Q15: Nepali | R15: 15 | S15: 9849418723 | T15: 2046-4-19 | U15: 253015 | V15: Teacher | W15: Masters | X15: Edu | Y15: Lower Basic | Z15: 3rd | AA15: Permanent | AB15: :yfoL
A16: Bagmati Province | B16: Rasuwa | D16: Gosaikunda Gaunpalika | F16: Saraswati Adharbhut Vidyalaya | H16: 290050003 | I16: 29005000377005 | J16: Karpo Tamang | K16: s/kf] tfdfË | L16: M | M16: =IF(L16="M","k'?if","dlxnf") -> k'?if | N16: J | O16: Tamang | P16: tfdfË | Q16: Nepali | R16: 16 | S16: 9860600117 | T16: 2046-9-4 | U16: 5910/4 | V16: Teacher | W16: Intermediate | Y16: Lower Basic | Z16: 3rd | AA16: Rahat | AB16: /fxt
A17: Bagmati Province | B17: Rasuwa | D17: Gosaikunda Gaunpalika | F17: Rasuwa Ma V | H17: 290050003 | I17: 29005000377007 | J17: Tina Tamang | K17: tLgf tfdfË | L17: F | M17: =IF(L17="M","k'?if","dlxnf") -> dlxnf | N17: J | O17: Tamang | P17: tfdfË | Q17: Nepali | R17: 17 | S17: 9869180412 | T17: 2055-10-5 | U17: 23-01-73-00471 | V17: Teacher | W17: Under SLC | Y17: ECD/PPC | Z17: 3rd | AA17: ECD Facilitator | AB17: O;L8L ;xof]uL
A18: Bagmati Province | B18: Rasuwa | D18: Gosaikunda Gaunpalika | F18: Rasuwa Ma V | H18: 290050003 | I18: 29005000377004 | J18: Lanam Ghale | K18: ngd 3n] | L18: M | M18: =IF(L18="M","k'?if","dlxnf") -> k'?if | N18: J | O18: Tamang | P18: tfdfË | Q18: Nepali | R18: 18 | S18: 9741086460 | T18: 2037-7-20 | U18: Ka 479 | V18: Head Teacher | W18: Intermediate | X18: Education | Y18: Lower Basic | Z18: 3rd | AA18: Permanent | AB18: :yfoL
A19: Bagmati Province | B19: Rasuwa | D19: Gosaikunda Gaunpalika | F19: Rasuwa Ma V | H19: 290050003 | I19: 29005000377008 | J19: Ram Krisna Thapa Magar | K19: /fds[i0f yfkfdu/ | L19: M | M19: =IF(L19="M","k'?if","dlxnf") -> k'?if | N19: J | O19: Nepali | P19: g]kfnL | Q19: Nepali | R19: 19 | S19: 9841087987 | T19: 2043-10-11 | U19: 88680 | V19: Teacher | W19: Masters | X19: Edu | Y19: Lower Basic | Z19: 3rd | AA19: Permanent | AB19: :yfoL
A20: Bagmati Province | B20: Rasuwa | D20: Gosaikunda Gaunpalika | F20: Rasuwa Ma V | H20: 290050006 | I20: 29005000677042 | J20: Chandra Shekhar Kasula | K20: rGb| z]v/ sf}znf | L20: M | M20: =IF(L20="M","k'?if","dlxnf") -> k'?if | N20: J | O20: Newari | P20: g]jf/L | Q20: Nepali | R20: 20 | S20: 9840058885 | T20: 2047-5-14 | U20: 293012/206 | V20: Teacher | W20: MPhil | X20: Education | Y20: Secondary | Z20: 3rd | AA20: Permanent | AB20: :yfoL
A21: Bagmati Province | B21: Rasuwa | D21: Gosaikunda Gaunpalika | F21: Rasuwa Ma V | H21: 290050006 | I21: 29005000677049 | J21: Narendra Bahadur Badaila | K21: g/]Gb| axfb'/ ab}nf | L21: M | M21: =IF(L21="M","k'?if","dlxnf") -> k'?if | N21: B/C | O21: Nepali | P21: g]kfnL | Q21: Nepali | R21: 22 | T21: 2044-10-28 | U21: 2/22482/439 | V21: Teacher | W21: MPhil | X21: English | Y21: Secondary | Z21: 3rd | AA21: Temporary | AB21: c:yfoL
A22: Bagmati Province | B22: Rasuwa | D22: Gosaikunda Gaunpalika | F22: Rasuwa Ma V | H22: 290050006 | I22: 29005000677048 | J22: Suraj Gurung | K22: ;'/h u'?Ë | L22: M | M22: =IF(L22="M","k'?if","dlxnf") -> k'?if | N22: J | O22: Nepali | P22: g]kfnL | Q22: Nepali | R22: 26 | S22: 9863554567 | T22: 2041-7-27 | U22: 69498 | V22: Teacher | W22: Masters | X22: English | Y22: Upper Basic | Z22: 3rd | AA22: Permanent | AB22: :yfoL
A23: Bagmati Province | B23: Rasuwa | D23: Gosaikunda Gaunpalika | F23: Rasuwa Ma V | H23: 290050006 | I23: 29005000677047 | J23: Prem Rai | K23: k|]d /fO} | L23: M | M23: =IF(L23="M","k'?if","dlxnf") -> k'?if | N23: J | Q23: Nepali | R23: 28 | T23: 2035-6-3 | U23: 51236/53236 | V23: Teacher | W23: Bachelors | X23: Nepali | Y23: Lower Basic | Z23: 3rd | AA23: Permanent | AB23: :yfoL
A24: Bagmati Province | B24: Rasuwa | D24: Gosaikunda Gaunpalika | F24: Rasuwa Ma V | H24: 290050006 | I24: 29005000677046 | J24: Baikuntha Khatiwada | K24: a}s'G7 vltj8f | L24: M | M24: =IF(L24="M","k'?if","dlxnf") -> k'?if | N24: B/C | Q24: Nepali | R24: 29 | S24: 9849076864 | T24: 2049-5-5 | U24: 261/39912 | V24: Teacher | W24: MPhil | X24: English | Y24: Lower Basic | Z24: 3rd | AA24: Permanent | AB24: :yfoL
A25: Bagmati Province | B25: Rasuwa | D25: Gosaikunda Gaunpalika | F25: Rasuwa Ma V | H25: 290050006 | I25: 29005000677045 | J25: Menuka Tiwari | K25: d]g'sf ltjf/L | L25: F | M25: =IF(L25="M","k'?if","dlxnf") -> dlxnf | N25: B/C | O25: Nepali | P25: g]kfnL | Q25: Nepali | R25: 30 | S25: 9843785568 | T25: 2043-10-6 | U25: 12165 | V25: Teacher | W25: Masters | X25: Nepali | Y25: Lower Basic | Z25: 3rd | AA25: Permanent | AB25: :yfoL
A26: Bagmati Province | B26: Rasuwa | D26: Gosaikunda Gaunpalika | F26: Rasuwa Ma V | H26: 290050006 | I26: 29005000677040 | J26: Suraj Bi Ka | K26: ;'/h las | L26: M | M26: =IF(L26="M","k'?if","dlxnf") -> k'?if | N26: D | O26: Nepali | P26: g]kfnL | Q26: Nepali | R26: 32 | S26: 9840261906 | T26: 2046-2-20 | U26: 303056/238 | V26: Teacher | W26: Masters | X26: Education | Y26: Secondary | Z26: 3rd | AA26: Permanent | AB26: :yfoL
A27: Bagmati Province | B27: Rasuwa | D27: Gosaikunda Gaunpalika | F27: Rasuwa Ma V | H27: 290050006 | I27: 29005000677036 | J27: Padam Raj Bhatt | K27: kbd/fh eQ | L27: M | M27: =IF(L27="M","k'?if","dlxnf") -> k'?if | N27: B/C | O27: Nepali | P27: g]kfnL | Q27: Nepali | R27: 34 | S27: 9848780078 | T27: 2045-3-15 | U27: 29713 | V27: Teacher | W27: MPhil | X27: Education | Y27: Secondary | Z27: 2nd | AA27: Temporary | AB27: c:yfoL
A28: Bagmati Province | B28: Rasuwa | D28: Gosaikunda Gaunpalika | F28: Rasuwa Ma V | H28: 290050006 | I28: 29005000677035 | J28: Parbati Khanal | K28: kfj{tL vgfn | L28: F | M28: =IF(L28="M","k'?if","dlxnf") -> dlxnf | N28: B/C | O28: Nepali | P28: g]kfnL | Q28: Nepali | R28: 36 | S28: 9841889031 | T28: 2035-5-26 | U28: 19948 | V28: Teacher | W28: MPhil | X28: Education | Y28: Secondary | Z28: 3rd | AA28: Temporary | AB28: c:yfoL
A29: Bagmati Province | B29: Rasuwa | D29: Gosaikunda Gaunpalika | F29: Rasuwa Ma V | H29: 290050006 | I29: 29005000677034 | J29: Saraswati Thapa | K29: ;/:jtL yfkf | L29: F | M29: =IF(L29="M","k'?if","dlxnf") -> dlxnf | N29: O | O29: Nepali | P29: g]kfnL | Q29: Nepali | R29: 37 | T29: 2051-4-27 | U29: 101001/2463 | V29: Teacher | W29: Bachelors | X29: Education | Y29: ECD/PPC | Z29: 3rd | AA29: ECD Facilitator | AB29: O;L8L ;xof]uL
A30: Bagmati Province | B30: Rasuwa | D30: Gosaikunda Gaunpalika | F30: Rasuwa Ma V | H30: 290050006 | I30: 29005000677032 | J30: Tilak Ghising | K30: l6ns l3l;Ë | L30: M | M30: =IF(L30="M","k'?if","dlxnf") -> k'?if | N30: J | O30: Tamang | P30: tfdfË | Q30: Nepali | R30: 39 | S30: 9841018139 | T30: 2039-3-28 | U30: 200 | V30: Teacher | W30: MPhil | X30: Management | Y30: Higher Secondary | Z30: 3rd | AA30: Temporary | AB30: c:yfoL
A31: Bagmati Province | B31: Rasuwa | D31: Gosaikunda Gaunpalika | F31: Rasuwa Ma V | H31: 290050006 | I31: 29005000677030 | J31: Sujata Ghale | K31: ;'hftf 3n] | L31: F | M31: =IF(L31="M","k'?if","dlxnf") -> dlxnf | N31: J | O31: Tamang | P31: tfdfË | Q31: Nepali | R31: 41 | S31: 9741086524 | T31: 2046-10-15 | U31: 6473/2894 | V31: Teacher | W31: Masters | X31: Education | Y31: Upper Basic | Z31: 3rd | AA31: Permanent | AB31: :yfoL
A32: Bagmati Province | B32: Rasuwa | D32: Gosaikunda Gaunpalika | F32: Rasuwa Ma V | H32: 290050006 | I32: 29005000677028 | J32: Kippa Chhiring Tamang | K32: lskf l5l/Ë tfdfË | L32: M | M32: =IF(L32="M","k'?if","dlxnf") -> k'?if | N32: J | O32: Tamang | P32: tfdfË | Q32: Nepali | R32: 42 | S32: 9741014084 | T32: 2021-10-1 | U32: 51/262 | V32: Teacher | W32: Intermediate | Y32: Lower Basic | Z32: 2nd | AA32: Permanent | AB32: :yfoL
A33: Bagmati Province | B33: Rasuwa | D33: Gosaikunda Gaunpalika | F33: Rasuwa Ma V | H33: 290050006 | I33: 29005000677021 | J33: Tempa Risang Ghale | K33: t]Dkf l/;fË 3n] | L33: M | M33: =IF(L33="M","k'?if","dlxnf") -> k'?if | N33: J | O33: Tamang | P33: tfdfË | Q33: Nepali | R33: 44 | S33: 9843110463 | T33: 2026-4-5 | U33: 1267/609 | V33: Head Teacher | W33: Masters | X33: Education | Y33: Upper Basic | Z33: 2nd | AA33: Permanent | AB33: :yfoL
A34: Bagmati Province | B34: Rasuwa | D34: Gosaikunda Gaunpalika | F34: Rasuwa Ma V | H34: 290050006 | I34: 29005000677002 | J34: Chij Kumar Ghale | K34: lrh s'df/ 3n] | L34: M | M34: =IF(L34="M","k'?if","dlxnf") -> k'?if | N34: J | O34: Tamang | P34: tfdfË | Q34: Nepali | R34: 46 | S34: 9841888699 | T34: 2026-3-4 | U34: 435 | V34: Teacher | W34: Bachelors | X34: Education | Y34: Lower Basic | Z34: 2nd | AA34: Permanent | AB34: :yfoL
A35: Bagmati Province | B35: Rasuwa | D35: Gosaikunda Gaunpalika | F35: Rasuwa Ma V | H35: 290050006 | I35: 29005000677044 | J35: Laxmi Tiwari | K35: nlId ltjf/L | L35: F | M35: =IF(L35="M","k'?if","dlxnf") -> dlxnf | N35: B/C | O35: Nepali | P35: g]kfnL | Q35: Nepali | R35: 47 | S35: 9849434110 | T35: 2045-8-7 | U35: 6859/3119 | V35: Teacher | W35: MPhil | Y35: Lower Basic | Z35: 3rd | AA35: Permanent | AB35: :yfoL
A36: Bagmati Province | B36: Rasuwa | D36: Gosaikunda Gaunpalika | F36: Rasuwa Ma V | H36: 290050006 | I36: 29005000677043 | J36: Ramesh Adhikari | K36: /d]z clwsf/L | L36: M | M36: =IF(L36="M","k'?if","dlxnf") -> k'?if | N36: B/C | O36: Nepali | P36: g]kfnL | Q36: Nepali | R36: 49 | S36: 9841921810 | T36: 2046-4-3 | U36: 108527 | V36: Teacher | W36: MPhil | X36: Physics | Y36: Secondary | Z36: 3rd | AA36: Permanent | AB36: :yfoL
A37: Bagmati Province | B37: Rasuwa | D37: Gosaikunda Gaunpalika | F37: Rasuwa Ma V | H37: 290050006 | I37: 29005000677037 | J37: Kamana Ojha | K37: sfdgf cf]hf | L37: F | M37: =IF(L37="M","k'?if","dlxnf") -> dlxnf | N37: B/C | O37: Nepali | P37: g]kfnL | Q37: Nepali | R37: 51 | T37: 2050-7-11 | U37: 231015 | V37: Teacher | W37: Bachelors | Y37: Upper Basic | Z37: 3rd | AA37: Temporary | AB37: c:yfoL
A38: Bagmati Province | B38: Rasuwa | D38: Gosaikunda Gaunpalika | F38: Rasuwa Ma V | H38: 290050007 | I38: 29005000777002 | J38: Jun Maya Tamang | K38: h'g dfof tfdfË | L38: F | M38: =IF(L38="M","k'?if","dlxnf") -> dlxnf | N38: J | O38: Tamang | P38: tfdfË | Q38: Nepali | R38: 61 | S38: 9810180303 | T38: 2055-5-28 | U38: 230/74000135 | V38: Teacher | W38: SLC | Y38: ECD/PPC | Z38: 3rd | AA38: ECD Facilitator | AB38: O;L8L ;xof]uL
A39: Bagmati Province | B39: Rasuwa | D39: Gosaikunda Gaunpalika | F39: Rasuwa Ma V | H39: 290050007 | I39: 29005000777001 | J39: Lalkaji Tamang | K39: nfnsfhL tfdfË | L39: M | M39: =IF(L39="M","k'?if","dlxnf") -> k'?if | N39: J | O39: Tamang | P39: tfdfË | Q39: Nepali | R39: 62 | T39: 2035-4-15 | U39: 4744/556 | V39: Head Teacher | W39: Intermediate | X39: Education | Y39: Lower Basic | Z39: 3rd | AA39: Permanent | AB39: :yfoL
A40: Bagmati Province | B40: Rasuwa | D40: Gosaikunda Gaunpalika | F40: Rasuwa Ma V | H40: 290110001 | I40: 29011000177001 | J40: Phinjo Tamang | K40: lkmGhf] tfdfË | L40: M | M40: =IF(L40="M","k'?if","dlxnf") -> k'?if | N40: J | Q40: Nepali | R40: 63 | T40: 2040-5-20 | U40: 3375 | V40: Teacher | W40: SLC | Y40: Lower Basic | Z40: 3rd | AA40: Permanent | AB40: :yfoL
A41: Bagmati Province | B41: Rasuwa | D41: Gosaikunda Gaunpalika | F41: Rasuwa Ma V | H41: 290110001 | I41: 29011000177002 | J41: Nurchung Tamang | K41: Gx'R5] tfdfË | L41: M | M41: =IF(L41="M","k'?if","dlxnf") -> k'?if | N41: J | O41: Tamang | P41: tfdfË | Q41: Nepali | R41: 64 | S41: 9741309561 | T41: 2036-10-9 | U41: 1320384 | V41: Head Teacher | W41: SLC | Y41: Lower Basic | Z41: 3rd | AA41: Permanent | AB41: :yfoL
A42: Bagmati Province | B42: Rasuwa | D42: Gosaikunda Gaunpalika | F42: Rasuwa Ma V | H42: 290140001 | I42: 29014000177037 | J42: Manisha Tamang | K42: dlgiff tfdfË | L42: F | M42: =IF(L42="M","k'?if","dlxnf") -> dlxnf | N42: J | O42: Tamang | P42: tfdfË | Q42: Nepali | R42: 65 | S42: 9860384112 | T42: 2055-4-26 | U42: 23017/200511 | V42: Teacher | W42: Intermediate | X42: Manangement | Y42: ECD/PPC | Z42: 3rd | AA42: ECD Facilitator | AB42: O;L8L ;xof]uL
A43: Bagmati Province | B43: Rasuwa | D43: Gosaikunda Gaunpalika | F43: Rasuwa Ma V | H43: 290140001 | I43: 29014000177033 | J43: Rajan Sedhain | K43: /fhg ;]bfO{ | L43: M | M43: =IF(L43="M","k'?if","dlxnf") -> k'?if | N43: B/C | O43: Nepali | P43: g]kfnL | Q43: Nepali | R43: 66 | S43: 9841760046 | T43: 2040-1-8 | U43: 37137 | V43: Teacher | W43: Masters | X43: Math | Y43: Upper Basic | Z43: 3rd | AA43: Permanent | AB43: :yfoL
A44: Bagmati Province | B44: Rasuwa | D44: Gosaikunda Gaunpalika | F44: Rasuwa Ma V | H44: 290140001 | I44: 29014000177035 | J44: Urmila Upadhay | K44: pld{nf pkfWofo | L44: F | M44: =IF(L44="M","k'?if","dlxnf") -> dlxnf | N44: B/C | O44: Nepali | P44: g]kfnL | Q44: Nepali | R44: 67 | S44: 9841610903 | T44: 2038-5-10 | U44: 33088 | V44: Teacher | W44: Masters | X44: Nepali | Y44: Lower Basic | Z44: 3rd | AA44: Permanent | AB44: :yfoL
A45: Bagmati Province | B45: Rasuwa | D45: Gosaikunda Gaunpalika | F45: Rasuwa Ma V | H45: 290140001 | I45: 29014000177034 | J45: Phulmaya Sharma | K45: k'mndfof zdf{ | L45: F | M45: =IF(L45="M","k'?if","dlxnf") -> dlxnf | N45: B/C | O45: Nepali | P45: g]kfnL | Q45: Nepali | R45: 68 | S45: 9843308877 | T45: 2043-10-13 | U45: 196787 | V45: Teacher | W45: Intermediate | Y45: Lower Basic | Z45: 3rd | AA45: Permanent | AB45: :yfoL
A46: Bagmati Province | B46: Rasuwa | D46: Gosaikunda Gaunpalika | F46: Gyanjoti Pra V | H46: 290140001 | I46: 29014000177031 | J46: Padam Bahadur Basnet | K46: kbd axfb'/ a:g]t | L46: M | M46: =IF(L46="M","k'?if","dlxnf") -> k'?if | N46: B/C | O46: Nepali | P46: g]kfnL | Q46: Nepali | R46: 69 | S46: 9851169720 | T46: 2041-7-16 | U46: 1603 | V46: Teacher | W46: Masters | X46: Education | Y46: Secondary | Z46: 3rd | AA46: Permanent | AB46: :yfoL
A47: Bagmati Province | B47: Rasuwa | D47: Gosaikunda Gaunpalika | F47: Gyanjoti Pra V | H47: 290140001 | I47: 29014000177032 | J47: Bishnu Prasad Paudyal | K47: lai0f' k|;fb kf}8]n | L47: M | M47: =IF(L47="M","k'?if","dlxnf") -> k'?if | N47: B/C | O47: Nepali | P47: g]kfnL | Q47: Nepali | R47: 70 | S47: 9841115175 | T47: 2037-6-11 | U47: 2180 | V47: Teacher | W47: Masters | X47: Nepali | Y47: Upper Basic | Z47: 3rd | AA47: Permanent | AB47: :yfoL
A48: Bagmati Province | B48: Rasuwa | D48: Gosaikunda Gaunpalika | F48: Nepal Rastriya Pra V | H48: 290140001 | I48: 29014000177029 | J48: Uddabkrishna Pandey | K48: pbjs[i0f kfF8] | L48: M | M48: =IF(L48="M","k'?if","dlxnf") -> k'?if | N48: B/C | O48: Nepali | P48: g]kfnL | Q48: Nepali | R48: 71 | S48: 9860089686 | T48: 2037-5-24 | U48: 21408 | V48: Teacher | W48: Masters | X48: Education | Y48: Secondary | Z48: 1st | AA48: Permanent | AB48: :yfoL
A49: Bagmati Province | B49: Rasuwa | D49: Gosaikunda Gaunpalika | F49: Nepal Rastriya Pra V | H49: 290140001 | I49: 29014000177030 | J49: Kishor Kumar Purkoti | K49: lszf]/ s'df/ k'/sf]tL | L49: M | M49: =IF(L49="M","k'?if","dlxnf") -> k'?if | N49: D | O49: Nepali | P49: g]kfnL | Q49: Nepali | R49: 72 | S49: 9841053323 | T49: 2041-11-5 | U49: 9486 | V49: Teacher | W49: Masters | X49: Science | Y49: Secondary | Z49: 3rd | AA49: Permanent | AB49: :yfoL
A50: Bagmati Province | B50: Rasuwa | D50: Gosaikunda Gaunpalika | F50: Komin Shyamewanphel Ma V | H50: 290140001 | I50: 29014000177026 | J50: Brijlal Bhattarai | K50: la|hfn eQ/fO{ | L50: M | M50: =IF(L50="M","k'?if","dlxnf") -> k'?if | N50: B/C | O50: Nepali | P50: g]kfnL | Q50: Nepali | R50: 73 | S50: 9840722995 | T50: 2046-11-28 | U50: 611010/6036/2509 | V50: Teacher | W50: Masters | X50: Education | Y50: Lower Basic | Z50: 3rd | AA50: Permanent | AB50: :yfoL
A51: Bagmati Province | B51: Rasuwa | D51: Gosaikunda Gaunpalika | F51: Komin Shyamewanphel Ma V | H51: 290140001 | I51: 29014000177028 | J51: Rajaram Shah | K51: /fhf/fd zfx | L51: M | M51: =IF(L51="M","k'?if","dlxnf") -> k'?if | N51: O | P51: g]kfnL | Q51: Nepali | R51: 74 | S51: 9849097436 | T51: 2039-5-9 | U51: 135-1159 | V51: Teacher | W51: Masters | X51: Busins | Y51: Higher Secondary | Z51: 2nd | AA51: Temporary | AB51: c:yfoL
A52: Bagmati Province | B52: Rasuwa | D52: Gosaikunda Gaunpalika | F52: Komin Shyamewanphel Ma V | H52: 290140001 | I52: 29014000177027 | J52: Shanti Adhikari | K52: zflGt clwsf/L | L52: F | M52: =IF(L52="M","k'?if","dlxnf") -> dlxnf | N52: B/C | O52: Nepali | P52: g]kfnL | Q52: Nepali | R52: 75 | S52: 9840722995 | T52: 2048-8-11 | U52: 611001/3872/1263 | V52: Teacher | W52: SLC | Y52: Lower Basic | Z52: 3rd | AA52: Temporary | AB52: c:yfoL
A53: Bagmati Province | B53: Rasuwa | D53: Gosaikunda Gaunpalika | F53: Komin Shyamewanphel Ma V | H53: 290140001 | I53: 29014000177024 | J53: Nabaraj Paudel | K53: gj/fh kf}8]n | L53: M | M53: =IF(L53="M","k'?if","dlxnf") -> k'?if | N53: B/C | O53: Nepali | P53: g]kfnL | Q53: Nepali | R53: 76 | S53: 9841083500 | T53: 2020-9-27 | U53: 926/1670 | V53: Teacher | W53: Bachelors | X53: Edu | Y53: Secondary | Z53: 3rd | AA53: Temporary | AB53: c:yfoL
A54: Bagmati Province | B54: Rasuwa | D54: Gosaikunda Gaunpalika | F54: Komin Shyamewanphel Ma V | H54: 290140001 | I54: 29014000177025 | J54: Dipman Gurung | K54: lbkdfg u'?Ë | L54: M | M54: =IF(L54="M","k'?if","dlxnf") -> k'?if | N54: J | O54: Gurung | P54: u'?Ë | Q54: Nepali | R54: 77 | S54: 9860122914 | T54: 2041-2-11 | U54: 41447 | V54: Teacher | W54: Masters | X54: Education | Y54: Secondary | Z54: 3rd | AA54: Permanent | AB54: :yfoL
A55: Bagmati Province | B55: Rasuwa | D55: Gosaikunda Gaunpalika | F55: Komin Shyamewanphel Ma V | H55: 290140001 | I55: 29014000177023 | J55: Ram Bahadur Tamang | K55: /fd axfb'/ tfdfË | L55: M | M55: =IF(L55="M","k'?if","dlxnf") -> k'?if | N55: J | O55: Tamang | P55: tfdfË | Q55: Nepali | R55: 78 | S55: 9741033328 | T55: 2024-2-16 | U55: 4999 | V55: Teacher | W55: Intermediate | X55: Education | Y55: Lower Basic | Z55: 2nd | AA55: Permanent | AB55: :yfoL
A56: Bagmati Province | B56: Rasuwa | D56: Gosaikunda Gaunpalika | F56: Komin Shyamewanphel Ma V | H56: 290140001 | I56: 29014000177017 | J56: Pratima Lama | K56: k|ltdf nfdf | L56: F | M56: =IF(L56="M","k'?if","dlxnf") -> dlxnf | N56: J | O56: Tamang | P56: tfdfË | Q56: Nepali | R56: 79 | S56: 9851253169 | T56: 2042-8-17 | U56: 2225/1351 | V56: Teacher | W56: Bachelors | X56: Education | Y56: Lower Basic | Z56: 3rd | AA56: Permanent | AB56: :yfoL
A57: Bagmati Province | B57: Rasuwa | D57: Gosaikunda Gaunpalika | F57: Komin Shyamewanphel Ma V | H57: 290140001 | I57: 29014000177016 | J57: Samten Dolma Lama | K57: ;dt]g bf]Ndf nfdf | L57: F | M57: =IF(L57="M","k'?if","dlxnf") -> dlxnf | N57: J | O57: Sherpa | P57: z]kf{ | Q57: Nepali | R57: 80 | S57: 9741350426 | T57: 2037-1-21 | U57: 3316-14 | V57: Teacher | W57: Intermediate | X57: Education | Y57: Lower Basic | Z57: 3rd | AA57: Temporary | AB57: c:yfoL
A58: Bagmati Province | B58: Rasuwa | D58: Gosaikunda Gaunpalika | F58: Komin Shyamewanphel Ma V | H58: 290140001 | I58: 29014000177013 | J58: Phurpu Tamang | K58: k'mk' tfdfË | L58: F | M58: =IF(L58="M","k'?if","dlxnf") -> dlxnf | N58: J | O58: Tamang | P58: tfdfË | Q58: Nepali | R58: 81 | S58: 9860056532 | T58: 2033-4-13 | U58: 4158 | V58: Teacher | W58: Intermediate | Y58: Lower Basic | Z58: 2nd | AA58: Permanent | AB58: :yfoL
A59: Bagmati Province | B59: Rasuwa | D59: Gosaikunda Gaunpalika | F59: Komin Shyamewanphel Ma V | H59: 290140001 | I59: 29014000177008 | J59: Lok Nath Nepal | K59: nf]s gfy g]kfn | L59: M | M59: =IF(L59="M","k'?if","dlxnf") -> k'?if | N59: B/C | O59: Nepali | P59: g]kfnL | Q59: Nepali | R59: 82 | S59: 9840504684 | T59: 2020-7-16 | U59: 54341249 | V59: Head Teacher | W59: Bachelors | X59: Education | Y59: Upper Basic | Z59: 3rd | AA59: Permanent | AB59: :yfoL
A60: Bagmati Province | B60: Rasuwa | D60: Gosaikunda Gaunpalika | F60: Komin Shyamewanphel Ma V | H60: 290140001 | I60: 29014000177003 | J60: Khagaraj Acharya | K60: vu/fh cfrfo{ | L60: M | M60: =IF(L60="M","k'?if","dlxnf") -> k'?if | N60: B/C | O60: Nepali | P60: g]kfnL | Q60: Nepali | R60: 84 | S60: 9849223057 | T60: 2028-6-9 | U60: 9030-454 | V60: Teacher | W60: Masters | X60: English | Y60: Secondary | Z60: 3rd | AA60: Rahat | AB60: /fxt
A61: Bagmati Province | B61: Rasuwa | D61: Gosaikunda Gaunpalika | F61: Komin Shyamewanphel Ma V | H61: 290140001 | I61: 29014000177036 | J61: Semsang Tamang | K61: ;fd;Ë tfdfË | L61: F | M61: =IF(L61="M","k'?if","dlxnf") -> dlxnf | N61: J | O61: Tamang | P61: tfdfË | Q61: Nepali | R61: 85 | S61: 9848533940 | T61: 2053-9-8 | U61: 23017100332 | V61: Teacher | W61: Intermediate | X61: Management | Y61: ECD/PPC | Z61: 3rd | AA61: ECD Facilitator | AB61: O;L8L ;xof]uL
A62: Bagmati Province | B62: Rasuwa | D62: Gosaikunda Gaunpalika | F62: Komin Shyamewanphel Ma V | H62: 290140003 | I62: 29014000377009 | J62: Menjin Tamang | K62: d]ghLg tfdfË | L62: F | M62: =IF(L62="M","k'?if","dlxnf") -> dlxnf | N62: J | O62: Tamang | P62: tfdfË | Q62: Nepali | R62: 88 | T62: 2049-1-13 | U62: 1002/1915 | V62: Teacher | W62: Intermediate | X62: Education | Y62: ECD/PPC | Z62: 3rd | AA62: ECD Facilitator | AB62: O;L8L ;xof]uL
A63: Bagmati Province | B63: Rasuwa | D63: Gosaikunda Gaunpalika | F63: Komin Shyamewanphel Ma V | H63: 290140003 | I63: 29014000377008 | J63: Roshan Baskota | K63: /f]zg af;sf]6f | L63: M | M63: =IF(L63="M","k'?if","dlxnf") -> k'?if | N63: B/C | O63: Tamang | P63: tfdfË | Q63: Nepali | R63: 89 | S63: 9860918841 | T63: 2046-6-16 | U63: 12323 | V63: Teacher | W63: Intermediate | X63: Education | Y63: Lower Basic | Z63: 3rd | AA63: Temporary | AB63: c:yfoL
A64: Bagmati Province | B64: Rasuwa | D64: Gosaikunda Gaunpalika | F64: Komin Shyamewanphel Ma V | H64: 290140003 | I64: 29014000377007 | J64: Dipak Paudel | K64: lbks kf}8]n | L64: M | M64: =IF(L64="M","k'?if","dlxnf") -> k'?if | N64: B/C | O64: Nepali | P64: g]kfnL | Q64: Nepali | R64: 90 | S64: 9860235527 | T64: 2041-5-4 | U64: 563/1043 | V64: Teacher | W64: Intermediate | X64: Education | Y64: Upper Basic | Z64: 3rd | AA64: Rahat | AB64: /fxt
A65: Bagmati Province | B65: Rasuwa | D65: Gosaikunda Gaunpalika | F65: Komin Shyamewanphel Ma V | H65: 290140003 | I65: 29014000377006 | J65: Karma Chhemjom Tamang | K65: sd{ 5]Ghf]d tfdfË | L65: F | M65: =IF(L65="M","k'?if","dlxnf") -> dlxnf | N65: J | O65: Tamang | P65: tfdfË | Q65: Nepali | R65: 92 | S65: 9849822343 | T65: 2039-8-4 | V65: Teacher | W65: Intermediate | X65: Education | Y65: Lower Basic | Z65: 3rd | AA65: Rahat | AB65: /fxt
A66: Bagmati Province | B66: Rasuwa | D66: Gosaikunda Gaunpalika | F66: Komin Shyamewanphel Ma V | H66: 290140005 | I66: 29014000577011 | J66: Janak Bahadur Bhandari | K66: hgs axfb'/ eG8f/L | L66: M | M66: =IF(L66="M","k'?if","dlxnf") -> k'?if | N66: B/C | O66: Nepali | P66: g]kfnL | Q66: Nepali | R66: 95 | S66: 9848886027 | T66: 2043-10-6 | V66: Teacher | W66: Bachelors | Y66: Lower Basic | Z66: 3rd | AA66: Permanent | AB66: :yfoL
A67: Bagmati Province | B67: Rasuwa | D67: Gosaikunda Gaunpalika | F67: Komin Shyamewanphel Ma V | H67: 290140005 | I67: 29014000577010 | J67: Lalit Bohara | K67: nlnt af]x/f | L67: M | M67: =IF(L67="M","k'?if","dlxnf") -> k'?if | N67: B/C | O67: Nepali | P67: g]kfnL | Q67: Nepali | R67: 96 | S67: 9842874717 | T67: 2037-12-5 | V67: Teacher | W67: Masters | Y67: Lower Basic | Z67: 3rd | AA67: Permanent | AB67: :yfoL
A68: Bagmati Province | B68: Rasuwa | D68: Gosaikunda Gaunpalika | F68: Bhimsen Adharbhut Vidyalaya | H68: 290140005 | I68: 29014000577009 | J68: Kumar Paudel | K68: s'df/ kf}8]n | L68: M | M68: =IF(L68="M","k'?if","dlxnf") -> k'?if | N68: B/C | O68: Nepali | P68: g]kfnL | Q68: Nepali | R68: 97 | S68: 9808204227 | T68: 2042-11-20 | V68: Teacher | W68: Bachelors | Y68: Lower Basic | Z68: 3rd | AA68: Permanent | AB68: :yfoL
A69: Bagmati Province | B69: Rasuwa | D69: Gosaikunda Gaunpalika | F69: Bhimsen Adharbhut Vidyalaya | H69: 290140005 | I69: 29014000577001 | J69: Chhesum Lama | K69: l5;'d nfdf | L69: F | M69: =IF(L69="M","k'?if","dlxnf") -> dlxnf | N69: J | O69: Tamang | P69: tfdfË | Q69: Nepali | R69: 98 | S69: 9808969688 | T69: 2042-8-3 | U69: 4876-71 | V69: Head Teacher | W69: Intermediate | X69: Commerce | Y69: Upper Basic | Z69: 3rd | AA69: Rahat | AB69: /fxt
A70: Bagmati Province | B70: Rasuwa | D70: Gosaikunda Gaunpalika | F70: Bhimsen Adharbhut Vidyalaya | H70: 290140005 | I70: 29014000577008 | J70: Dhurba Prasad Lamichhane | K70: w|'a k|;fb nfld5fg] | L70: M | M70: =IF(L70="M","k'?if","dlxnf") -> k'?if | N70: B/C | O70: Nepali | P70: g]kfnL | Q70: Nepali | R70: 99 | S70: 9803674319 | T70: 2022-11-20 | V70: Teacher | W70: Masters | Y70: Upper Basic | Z70: 2nd | AA70: Permanent | AB70: :yfoL
A71: Bagmati Province | B71: Rasuwa | D71: Gosaikunda Gaunpalika | F71: Bhimsen Adharbhut Vidyalaya | H71: 290140005 | I71: 29014000577007 | J71: Damaisingi Tamang | K71: bfdfl;Ë tfdfË | L71: M | M71: =IF(L71="M","k'?if","dlxnf") -> k'?if | N71: J | O71: Tamang | P71: tfdfË | Q71: Nepali | R71: 100 | S71: 9823274593 | T71: 2044-11-6 | U71: 5811-2591 | V71: Teacher | W71: Bachelors | X71: Education | Y71: Lower Basic | Z71: 3rd | AA71: Temporary | AB71: c:yfoL
A72: Bagmati Province | B72: Rasuwa | D72: Gosaikunda Gaunpalika | F72: Bhimsen Adharbhut Vidyalaya | H72: 290160001 | I72: 29016000177002 | J72: Sitaram Mandal | K72: l;tf/fd dGbn | L72: M | M72: =IF(L72="M","k'?if","dlxnf") -> k'?if | N72: O | O72: Maithali | P72: d}ynL | Q72: Nepali | R72: 101 | S72: 9741275332 | T72: 2021-10-9 | U72: 49883539 | V72: Teacher | W72: Intermediate | Y72: Lower Basic | Z72: 2nd | AA72: Permanent | AB72: :yfoL
A73: Bagmati Province | B73: Rasuwa | D73: Gosaikunda Gaunpalika | F73: Bhimsen Adharbhut Vidyalaya | H73: 290160001 | I73: 29016000177003 | J73: Shuvraj Gurung | K73: z'e/fh u'?Ë | L73: M | M73: =IF(L73="M","k'?if","dlxnf") -> k'?if | N73: J | O73: Tamang | P73: tfdfË | Q73: Nepali | R73: 102 | S73: 9865364305 | T73: 2051-11-3 | U73: 261/3207 | V73: Teacher | W73: Bachelors | X73: Edu | Y73: Lower Basic | Z73: 3rd | AA73: Permanent | AB73: :yfoL
A74: Bagmati Province | B74: Rasuwa | D74: Gosaikunda Gaunpalika | F74: Nepal Rastriya Adharbhut Vidyalaya | H74: 290160002 | I74: 29016000277002 | J74: Lalu Das | K74: nfn' bf; | L74: M | M74: =IF(L74="M","k'?if","dlxnf") -> k'?if | N74: O | O74: Nepali | P74: g]kfnL | Q74: Nepali | R74: 103 | S74: 9845435540 | T74: 2040-5-7 | U74: 63373305/1863 | V74: Teacher | W74: Intermediate | X74: Management | Y74: Lower Basic | Z74: 3rd | AA74: Permanent | AB74: :yfoL
A75: Bagmati Province | B75: Rasuwa | D75: Gosaikunda Gaunpalika | F75: Nepal Rastriya Adharbhut Vidyalaya | H75: 290160002 | I75: 29016000277003 | J75: Manita Tamang | K75: dlgtf tfdfË | L75: F | M75: =IF(L75="M","k'?if","dlxnf") -> dlxnf | N75: J | P75: tfdfË | Q75: Nepali | R75: 104 | T75: 2055-8-15 | V75: Teacher | W75: SLC | Y75: ECD/PPC | Z75: 3rd | AA75: ECD Facilitator | AB75: O;L8L ;xof]uL
A76: Bagmati Province | B76: Rasuwa | D76: Gosaikunda Gaunpalika | F76: Nepal Rastriya Adharbhut Vidyalaya | H76: 290160002 | I76: 29016000277001 | J76: Ram Balak Ray | K76: /fdafns /fo | L76: M | M76: =IF(L76="M","k'?if","dlxnf") -> k'?if | N76: O | O76: Bajjika | P76: ahLsf | Q76: Nepali | R76: 105 | S76: 9860442508 | T76: 2041-9-10 | U76: 86142179 | V76: Head Teacher | W76: Intermediate | X76: Education | Y76: Lower Basic | Z76: 3rd | AA76: Permanent | AB76: :yfoL
A77: Bagmati Province | B77: Rasuwa | D77: Gosaikunda Gaunpalika | F77: Nepal Rastriya Adharbhut Vidyalaya | H77: 290160003 | I77: 29016000377012 | J77: Chyanga Dolma Tamang | K77: 5]Ëuf 8f]Ndf tfdfË | L77: F | M77: =IF(L77="M","k'?if","dlxnf") -> dlxnf | N77: J | O77: Tamang | P77: tfdfË | Q77: Nepali | R77: 106 | S77: 9818269935 | T77: 2046-1-17 | U77: 231006/975 | V77: Teacher | W77: Bachelors | X77: Ed | Y77: Lower Basic | Z77: 3rd | AA77: Temporary | AB77: c:yfoL
A78: Bagmati Province | B78: Rasuwa | D78: Gosaikunda Gaunpalika | F78: Nepal Rastriya Adharbhut Vidyalaya | H78: 290160003 | I78: 29016000377016 | J78: Phurpu Yangjen Tamang | K78: k'mk' oflug tfdfË | L78: F | M78: =IF(L78="M","k'?if","dlxnf") -> dlxnf | N78: J | O78: Tamang | P78: tfdfË | Q78: Nepali | R78: 107 | S78: 9845353474 | T78: 2054-2-2 | U78: 230174/01124 | V78: Teacher | W78: SLC | Y78: ECD/PPC | Z78: 3rd | AA78: ECD Facilitator | AB78: O;L8L ;xof]uL
A79: Bagmati Province | B79: Rasuwa | D79: Gosaikunda Gaunpalika | F79: Arunodaya Pra V | H79: 290160003 | I79: 29016000377015 | J79: Prem Thapa | K79: k|]d yfkf | L79: M | M79: =IF(L79="M","k'?if","dlxnf") -> k'?if | N79: B/C | O79: Nepali | P79: g]kfnL | Q79: Nepali | R79: 108 | S79: 9843397941 | T79: 2051-6-22 | U79: 550117/25534 | V79: Teacher | W79: Bachelors | X79: Education | Y79: Lower Basic | Z79: 3rd | AA79: Permanent | AB79: :yfoL
A80: Bagmati Province | B80: Rasuwa | D80: Gosaikunda Gaunpalika | F80: Arunodaya Pra V | H80: 290160003 | I80: 29016000377014 | J80: Goma Kumari Paudel | K80: uf]df s'df/L kf}8]n | L80: F | M80: =IF(L80="M","k'?if","dlxnf") -> dlxnf | N80: B/C | O80: Nepali | P80: g]kfnL | Q80: Nepali | R80: 109 | S80: 9843596841 | T80: 2044-2-20 | V80: Teacher | W80: Bachelors | X80: Edu | Y80: Lower Basic | Z80: 3rd | AA80: Temporary | AB80: c:yfoL
A81: Bagmati Province | B81: Rasuwa | D81: Gosaikunda Gaunpalika | F81: Nepal Rastriya Pra V | H81: 290160003 | I81: 29016000377013 | J81: Narayani Acharya | K81: gf/fogL cfrfo{ | L81: F | M81: =IF(L81="M","k'?if","dlxnf") -> dlxnf | N81: B/C | O81: Nepali | P81: g]kfnL | Q81: Nepali | R81: 110 | S81: 9741340003 | T81: 2045-2-13 | V81: Teacher | W81: Bachelors | X81: Education | Y81: Upper Basic | Z81: 3rd | AA81: Rahat | AB81: /fxt
A82: Bagmati Province | B82: Rasuwa | D82: Gosaikunda Gaunpalika | F82: Nepal Rastriya Adharbhut Vidyalaya Dachesa | H82: 290160003 | I82: 29016000377007 | J82: Ram Sharan Paudel | K82: /fdz/0f kf}8]n | L82: M | M82: =IF(L82="M","k'?if","dlxnf") -> k'?if | N82: B/C | O82: Nepali | P82: g]kfnL | Q82: Nepali | R82: 111 | S82: 9813130360 | T82: 2049-12-2 | U82: 23101639 | V82: Head Teacher | W82: Masters | X82: Ed | Y82: Lower Basic | Z82: 3rd | AA82: Temporary | AB82: c:yfoL
A83: Bagmati Province | B83: Rasuwa | D83: Gosaikunda Gaunpalika | F83: Nepal Rastriya Adharbhut Vidyalaya Dachesa | H83: 290160003 | I83: 29016000377010 | J83: Pemba Tamang | K83: k]Daf tfdfË | L83: M | M83: =IF(L83="M","k'?if","dlxnf") -> k'?if | N83: J | O83: Tamang | P83: tfdfË | Q83: Nepali | R83: 112 | S83: 9849465174 | T83: 2051-7-13 | U83: 231006/68 | V83: Teacher | W83: Bachelors | X83: Com | Y83: Upper Basic | AA83: Private Sources | AB83: gLhL ;|f]t
A84: Bagmati Province | B84: Rasuwa | D84: Gosaikunda Gaunpalika | F84: Nepal Rastriya Adharbhut Vidyalaya Dachesa | H84: 290160003 | I84: 29016000377011 | J84: Pasang Tamang | K84: kf;fË tfdfË | L84: F | M84: =IF(L84="M","k'?if","dlxnf") -> dlxnf | N84: J | O84: Sherpa | P84: z]kf{ | Q84: Nepali | R84: 113 | S84: 9849992662 | T84: 2043-1-17 | U84: 231006/578 | V84: Teacher | W84: Bachelors | X84: Ed | Y84: Upper Basic | AA84: Private Sources | AB84: gLhL ;|f]t
A85: Bagmati Province | B85: Rasuwa | D85: Gosaikunda Gaunpalika | F85: Nepal Rastriya Adharbhut Vidyalaya Dachesa | H85: 290170003 | I85: 29017000377015 | J85: Sonam Butti Tamang | K85: ;f]gd a'tL tfdfË | L85: F | M85: =IF(L85="M","k'?if","dlxnf") -> dlxnf | N85: J | O85: Tamang | P85: tfdfË | Q85: Nepali | R85: 114 | S85: 9841889045 | T85: 2046-4-26 | V85: Teacher | W85: Intermediate | Y85: Lower Basic | Z85: 3rd | AA85: Temporary | AB85: c:yfoL
A86: Bagmati Province | B86: Rasuwa | D86: Gosaikunda Gaunpalika | F86: Nepal Rastriya Adharbhut Vidyalaya Dachesa | H86: 290170003 | I86: 29017000377016 | J86: Phurpu Dorje Ghale | K86: k'mk' bf]h]{ 3n] | L86: M | M86: =IF(L86="M","k'?if","dlxnf") -> k'?if | N86: J | O86: Nepali | P86: g]kfnL | Q86: Nepali | R86: 115 | T86: 2044-2-15 | U86: 4994/84 | V86: Head Teacher | W86: Intermediate | Y86: Lower Basic | Z86: 3rd | AA86: Temporary | AB86: c:yfoL
A87: Bagmati Province | B87: Rasuwa | D87: Gosaikunda Gaunpalika | F87: Nepal Rastriya Adharbhut Vidyalaya | H87: 290170003 | I87: 29017000377018 | J87: Himan Singh Tamang | K87: lxdg l;+u tfdfË | L87: M | M87: =IF(L87="M","k'?if","dlxnf") -> k'?if | N87: J | O87: Tamang | P87: tfdfË | Q87: Nepali | R87: 116 | S87: 9840441605 | T87: 2039-3-1 | U87: 679/976 | V87: Teacher | W87: Intermediate | X87: Edu | Y87: Lower Basic | Z87: 3rd | AA87: Permanent | AB87: :yfoL
A88: Bagmati Province | B88: Rasuwa | D88: Gosaikunda Gaunpalika | F88: Nepal Rastriya Adharbhut Vidyalaya | H88: 290170003 | I88: 29017000377012 | J88: Nakul Lama | K88: gs'n nfdf | L88: M | M88: =IF(L88="M","k'?if","dlxnf") -> k'?if | N88: J | O88: Tamang | P88: tfdfË | Q88: Nepali | R88: 117 | S88: 9863425581 | T88: 2043-12-12 | U88: 151048 | V88: Teacher | W88: Bachelors | Y88: Upper Basic | Z88: 3rd | AA88: Permanent | AB88: :yfoL
A89: Bagmati Province | B89: Rasuwa | D89: Gosaikunda Gaunpalika | F89: Nepal Rastriya Adharbhut Vidyalaya | H89: 290170003 | I89: 29017000377013 | J89: Kanchhi Ghale | K89: sflG5 3]n] | L89: F | M89: =IF(L89="M","k'?if","dlxnf") -> dlxnf | N89: J | O89: Tamang | P89: tfdfË | Q89: Nepali | R89: 118 | S89: 9860056556 | T89: 2045-2-20 | V89: Teacher | W89: Bachelors | Y89: Lower Basic | Z89: 3rd | AA89: Temporary | AB89: c:yfoL
A90: Bagmati Province | B90: Rasuwa | D90: Gosaikunda Gaunpalika | F90: Nepal Rastriya Adharbhut Vidyalaya | H90: 290170003 | I90: 29017000377014 | J90: Sitaram Bk | K90: l;tf/fd las | L90: M | M90: =IF(L90="M","k'?if","dlxnf") -> k'?if | N90: D | O90: Nepali | P90: g]kfnL | Q90: Nepali | R90: 119 | S90: 9843430857 | T90: 2041-3-3 | U90: 99953 | V90: Teacher | W90: Bachelors | X90: Edu | Y90: Upper Basic | Z90: 3rd | AA90: Permanent | AB90: :yfoL
A91: Bagmati Province | B91: Rasuwa | D91: Gosaikunda Gaunpalika | F91: Nepal Rastriya Adharbhut Vidyalaya | H91: 290170003 | I91: 29017000377006 | J91: Hupendra Timsina | K91: pk]Gb| ltdlN;gf | L91: M | M91: =IF(L91="M","k'?if","dlxnf") -> k'?if | N91: B/C | O91: Nepali | P91: g]kfnL | Q91: Nepali | R91: 120 | S91: 9842712664 | T91: 2047-1-18 | U91: 141035/84461 | V91: Teacher | W91: Intermediate | Y91: Lower Basic | Z91: 3rd | AA91: Temporary | AB91: c:yfoL
A92: Bagmati Province | B92: Rasuwa | D92: Gosaikunda Gaunpalika | F92: Nepal Rastriya Adharbhut Vidyalaya | H92: 290170003 | I92: 29017000377009 | J92: Pema Cheoten Tamang | K92: k]df 5]t]g tfdfË | L92: F | M92: =IF(L92="M","k'?if","dlxnf") -> dlxnf | N92: J | O92: Nepali | P92: g]kfnL | Q92: Nepali | R92: 121 | S92: 9849738798 | T92: 2047-4-14 | U92: 0231005/50 | V92: Teacher | W92: Bachelors | Y92: Upper Basic | AA92: Private Sources | AB92: gLhL ;|f]t
A93: Bagmati Province | B93: Rasuwa | D93: Gosaikunda Gaunpalika | F93: Nepal Rastriya Adharbhut Vidyalaya | H93: 290170003 | I93: 29017000377004 | J93: Shree Prakash Sah Teli | K93: >Lk|;fb zfx t]nL | L93: M | M93: =IF(L93="M","k'?if","dlxnf") -> k'?if | N93: O | O93: Maithali | P93: d}ynL | Q93: Nepali | R93: 122 | S93: 9845786210 | T93: 2050-8-6 | U93: 34017106436 | V93: Teacher | W93: Bachelors | X93: Edu | Y93: Lower Basic | Z93: 2nd | AA93: Permanent | AB93: :yfoL

Sheet Sheet1
A1: क्र.सं. | B1: सहभागी शिक्षकको नाम थर | C1: विद्यालयको नाम | D1: विद्यालयको नाम | E1: विद्यालयको रहेको स्थानिय तह | F1: नियुक्ति मिति | G1: नियुक्तिको किसिम (स्थायी/अस्थायी) | H1: बाबुको नाम | I1: प्रदेश | J1: जिल्ला | K1: स्गथानिय तह | L1: वडा नं | M1: योग्यता | N1: सम्पर्क नं.
B2: अम्बिका कार्की | C2: =list!F2 -> Pra V Khamging | D2: k|f=la vflDuË | E2: गोसाँकुण्ड | G2: अस्थायी | I2: बाग्मती | J2: रसुवा | L2: 0 | N2: =list!S1 -> 9741086452
B3: तेम्बा तामाङ्ग | C3: =list!F3 -> Pra V Khamging | D3: k|f=la vflDuË | E3: गोसाँकुण्ड | G3: स्थायी | I3: बाग्मती | J3: रसुवा | L3: 0 | N3: =list!S2 -> 9741016525
B4: माया शेर्पा | C4: =list!F4 -> Pra V Khamging | D4: k|f=la vflDuË | E4: गोसाँकुण्ड | G4: स्थायी | I4: बाग्मती | J4: रसुवा | L4: 0 | N4: =list!S3 -> 9808712730
B5: कबिता न्यौपाने | C5: =list!F5 -> Lingling Pra V | D5: lnulnË | E5: गोसाँकुण्ड | G5: अस्थायी | I5: बाग्मती | J5: रसुवा | L5: 0 | N5: =list!S4 -> 9741161789
B6: निर्मल जंग शेर्पा | C6: =list!F6 -> Bhimali Pra V | D6: lednL k|f=ln | E6: गोसाँकुण्ड | G6: स्थायी | I6: बाग्मती | J6: रसुवा | L6: 0 | N6: =list!S5 -> 9860228865
B7: सुशिल कोइराला | C7: =list!F7 -> Bhimali Pra V | D7: lednL k|f=ln | E7: गोसाँकुण्ड | G7: स्थायी | I7: बाग्मती | J7: रसुवा | L7: 0 | N7: =list!S6 -> 9741035103
B8: तुल्सिंगी तामाङ्ग | C8: =list!F8 -> Bhimali Pra V | D8: lednL k|f=ln | E8: गोसाँकुण्ड | G8: स्थायी | I8: बाग्मती | J8: रसुवा | L8: 0 | N8: =list!S7 -> 0
B9: युना थोकरा | C9: =list!F9 -> Saraswati Adharbhut Vidyalaya | D9: ;/:jtL cfwf/e't laBfno | E9: गोसाँकुण्ड | G9: इसीडी सहयोगी | I9: बाग्मती | J9: रसुवा | L9: 0 | N9: =list!S8 -> 0
B10: उर्मिला लामा | C10: =list!F10 -> Saraswati Adharbhut Vidyalaya | D10: ;/:jtL cfwf/e't laBfno | E10: गोसाँकुण्ड | G10: स्थायी | I10: बाग्मती | J10: रसुवा | L10: 0 | N10: =list!S9 -> 9843404440
B11: कृष्ण बहादुर कुमाल | C11: =list!F11 -> Saraswati Adharbhut Vidyalaya | D11: ;/:jtL cfwf/e't laBfno | E11: गोसाँकुण्ड | G11: स्थायी | I11: बाग्मती | J11: रसुवा | L11: 0 | N11: =list!S10 -> 0
B12: युना तामाङ्ग | C12: =list!F12 -> Saraswati Adharbhut Vidyalaya | D12: ;/:jtL cfwf/e't laBfno | E12: गोसाँकुण्ड | G12: इसीडी सहयोगी | I12: बाग्मती | J12: रसुवा | L12: 0 | N12: =list!S11 -> 9823756146
B13: द्र्गा भत्त | C13: =list!F13 -> Saraswati Adharbhut Vidyalaya | D13: ;/:jtL cfwf/e't laBfno | E13: गोसाँकुण्ड | G13: स्थायी | I13: बाग्मती | J13: रसुवा | L13: 0 | N13: =list!S12 -> 0
... B94: श्रीप्रसाद शाह तेली | C94: =list!F94 -> 0 | D94: g]kfn /fli6«o cfwf/e't laBfno | E94: गोसाँकुण्ड | G94: स्थायी | I94: बाग्मती | J94: रसुवा | L94: 0 | N94: =list!S93 -> 9845786210

Sheet final_teacher_list
A1: क्र.सं. | B1: सहभागी शिक्षकको नाम थर | C1: विद्यालयको नाम | D1: विद्यालयको रहेको स्थानिय तह | E1: नियुक्ति मिति | F1: नियुक्तिको किसिम (स्थायी/अस्थायी) | G1: बाबुको नाम | H1: प्रदेश | I1: जिल्ला | J1: स्गथानिय तह | K1: वडा नं | L1: योग्यता | M1: सम्पर्क नं.
A2: 1 | B2: अम्बिका कार्की | C2: प्रा.बि खाम्गिङ्ग | D2: गोसाँकुण्ड | F2: अस्थायी | H2: बाग्मती | I2: रसुवा | K2: 0 | M2: 9741086452
A3: 2 | B3: तेम्बा तामाङ्ग | C3: प्रा.बि खाम्गिङ्ग | D3: गोसाँकुण्ड | F3: स्थायी | H3: बाग्मती | I3: रसुवा | K3: 0 | M3: 9741016525
A4: 3 | B4: माया शेर्पा | C4: प्रा.बि खाम्गिङ्ग | D4: गोसाँकुण्ड | F4: स्थायी | H4: बाग्मती | I4: रसुवा | K4: 0 | M4: 9808712730
A5: 4 | B5: कबिता न्यौपाने | C5: लिगलिङ्ग | D5: गोसाँकुण्ड | F5: अस्थायी | H5: बाग्मती | I5: रसुवा | K5: 0 | M5: 9741161789
A6: 5 | B6: निर्मल जंग शेर्पा | C6: भिमली प्रा.लि | D6: गोसाँकुण्ड | F6: स्थायी | H6: बाग्मती | I6: रसुवा | K6: 0 | M6: 9860228865
A7: 6 | B7: सुशिल कोइराला | C7: भिमली प्रा.लि | D7: गोसाँकुण्ड | F7: स्थायी | H7: बाग्मती | I7: रसुवा | K7: 0 | M7: 9741035103
A8: 7 | B8: तुल्सिंगी तामाङ्ग | C8: भिमली प्रा.लि | D8: गोसाँकुण्ड | F8: स्थायी | H8: बाग्मती | I8: रसुवा | K8: 0 | M8: 0
A9: 8 | B9: युना थोकरा | C9: सरस्वती आधारभुत बिद्यालय | D9: गोसाँकुण्ड | F9: इसीडी सहयोगी | H9: बाग्मती | I9: रसुवा | K9: 0 | M9: 0
A10: 9 | B10: उर्मिला लामा | C10: सरस्वती आधारभुत बिद्यालय | D10: गोसाँकुण्ड | F10: स्थायी | H10: बाग्मती | I10: रसुवा | K10: 0 | M10: 9843404440
A11: 10 | B11: कृष्ण बहादुर कुमाल | C11: सरस्वती आधारभुत बिद्यालय | D11: गोसाँकुण्ड | F11: स्थायी | H11: बाग्मती | I11: रसुवा | K11: 0 | M11: 0
A12: 11 | B12: युना तामाङ्ग | C12: सरस्वती आधारभुत बिद्यालय | D12: गोसाँकुण्ड | F12: इसीडी सहयोगी | H12: बाग्मती | I12: रसुवा | K12: 0 | M12: 9823756146
A13: 12 | B13: द्र्गा भत्त | C13: सरस्वती आधारभुत बिद्यालय | D13: गोसाँकुण्ड | F13: स्थायी | H13: बाग्मती | I13: रसुवा | K13: 0 | M13: 0
... A94: 93 | B94: श्रीप्रसाद शाह तेली | C94: नेपाल राष्ट्रिय आधारभुत बिद्यालय | D94: गोसाँकुण्ड | F94: स्थायी | H94: बाग्मती | I94: रसुवा | K94: 0 | M94: 9845786210

Sheet school_final
A1: schoolname | B1: address | C1: munvdc | D1: wardno | E1: district | F1: contact | G1: mobileno | H1: authorizeperson | I1: email | J1: website | K1: loginname | L1: spass | M1: remark
A2: प्रा.बि खाम्गिङ्ग | B2: गोसाँकुण्ड | C2: गोसाँकुण्ड | D2: 0 | E2: रसुवा | F2: 9741086452 | G2: 9741086452 | H2: अम्बिका कार्की | K2: 9741086452 | L2: 9741086452 | M2: Registered
A3: लिगलिङ्ग | B3: गोसाँकुण्ड | C3: गोसाँकुण्ड | D3: 0 | E3: रसुवा | F3: 9741161789 | G3: 9741161789 | H3: कबिता न्यौपाने | K3: 9741161789 | L3: 9741161789 | M3: Registered
A4: भिमली प्रा.लि | B4: गोसाँकुण्ड | C4: गोसाँकुण्ड | D4: 0 | E4: रसुवा | F4: 9860228865 | G4: 9860228865 | H4: निर्मल जंग शेर्पा | K4: 9860228865 | L4: 9860228865 | M4: Registered
A5: सरस्वती आधारभुत बिद्यालय | B5: गोसाँकुण्ड | C5: गोसाँकुण्ड | D5: 0 | E5: रसुवा | F5: 0 | G5: 0 | H5: युना थोकरा | K5: 0 | L5: 0 | M5: Registered
A6: रसुवा मा बि | B6: गोसाँकुण्ड | C6: गोसाँकुण्ड | D6: 0 | E6: रसुवा | F6: 9860600117 | G6: 9860600117 | H6: करपो तामाङ्ग | K6: 9860600117 | L6: 9860600117 | M6: Registered
A7: ग्यानजोती प्रा बि | B7: गोसाँकुण्ड | C7: गोसाँकुण्ड | D7: 0 | E7: रसुवा | F7: 9843308877 | G7: 9843308877 | H7: फुलमाया शर्मा | K7: 9843308877 | L7: 9843308877 | M7: Registered
A8: नेपाल राष्ट्रिय प्रा बि | B8: गोसाँकुण्ड | C8: गोसाँकुण्ड | D8: 0 | E8: रसुवा | F8: 9841115175 | G8: 9841115175 | H8: बिष्णु प्रसाद पौडेल | K8: 9841115175 | L8: 9841115175 | M8: Registered
A9: कोमिन श्यामेवानफेल मा बि | B9: गोसाँकुण्ड | C9: गोसाँकुण्ड | D9: 0 | E9: रसुवा | F9: 9841053323 | G9: 9841053323 | H9: किशोर कुमार पुरकोती | K9: 9841053323 | L9: 9841053323 | M9: Registered
A10: भिमसेन आधारभुत बिद्यालय | B10: गोसाँकुण्ड | C10: गोसाँकुण्ड | D10: 0 | E10: रसुवा | F10: 9842874717 | G10: 9842874717 | H10: ललित बोहरा | K10: 9842874717 | L10: 9842874717 | M10: Registered
A11: नेपाल राष्ट्रिय आधारभुत बिद्यालय | B11: गोसाँकुण्ड | C11: गोसाँकुण्ड | D11: 0 | E11: रसुवा | F11: 9865364305 | G11: 9865364305 | H11: शुभराज गुरुङ्ग | K11: 9865364305 | L11: 9865364305 | M11: Registered
A12: अरुणोदय प्रा बि | B12: गोसाँकुण्ड | C12: गोसाँकुण्ड | D12: 0 | E12: रसुवा | F12: 9845353474 | G12: 9845353474 | H12: फुपु यागिन तामाङ्ग | K12: 9845353474 | L12: 9845353474 | M12: Registered
A13: नेपाल राष्ट्रिय आधारभुत बिद्यालय दचेसा | B13: गोसाँकुण्ड | C13: गोसाँकुण्ड | D13: 0 | E13: रसुवा | F13: 9741340003 | G13: 9741340003 | H13: नारायनी आचार्य | K13: 9741340003 | L13: 9741340003 | M13: Registered

Sheet school_list
A1: schoolname | B1: address | C1: munvdc | D1: wardno | E1: district | F1: contact | G1: mobileno | H1: authorizeperson | I1: email | J1: website | K1: loginname | L1: spass | M1: remark
A2: प्रा.बि खाम्गिङ्ग | B2: गोसाँकुण्ड | C2: गोसाँकुण्ड | D2: 0 | E2: रसुवा | F2: 9741086452 | G2: 9741086452 | H2: अम्बिका कार्की | K2: 9741086452 | L2: 9741086452 | M2: Registered
A3: प्रा.बि खाम्गिङ्ग | B3: गोसाँकुण्ड | C3: गोसाँकुण्ड | D3: 0 | E3: रसुवा | F3: 9741016525 | G3: 9741016525 | H3: तेम्बा तामाङ्ग | K3: 9741016525 | L3: 9741016525 | M3: Registered
A4: प्रा.बि खाम्गिङ्ग | B4: गोसाँकुण्ड | C4: गोसाँकुण्ड | D4: 0 | E4: रसुवा | F4: 9808712730 | G4: 9808712730 | H4: माया शेर्पा | K4: 9808712730 | L4: 9808712730 | M4: Registered
A5: लिगलिङ्ग | B5: गोसाँकुण्ड | C5: गोसाँकुण्ड | D5: 0 | E5: रसुवा | F5: 9741161789 | G5: 9741161789 | H5: कबिता न्यौपाने | K5: 9741161789 | L5: 9741161789 | M5: Registered
A6: भिमली प्रा.लि | B6: गोसाँकुण्ड | C6: गोसाँकुण्ड | D6: 0 | E6: रसुवा | F6: 9860228865 | G6: 9860228865 | H6: निर्मल जंग शेर्पा | K6: 9860228865 | L6: 9860228865 | M6: Registered
A7: भिमली प्रा.लि | B7: गोसाँकुण्ड | C7: गोसाँकुण्ड | D7: 0 | E7: रसुवा | F7: 9741035103 | G7: 9741035103 | H7: सुशिल कोइराला | K7: 9741035103 | L7: 9741035103 | M7: Registered
A8: भिमली प्रा.लि | B8: गोसाँकुण्ड | C8: गोसाँकुण्ड | D8: 0 | E8: रसुवा | F8: 0 | G8: 0 | H8: तुल्सिंगी तामाङ्ग | K8: 0 | L8: 0 | M8: Registered
A9: सरस्वती आधारभुत बिद्यालय | B9: गोसाँकुण्ड | C9: गोसाँकुण्ड | D9: 0 | E9: रसुवा | F9: 0 | G9: 0 | H9: युना थोकरा | K9: 0 | L9: 0 | M9: Registered
A10: सरस्वती आधारभुत बिद्यालय | B10: गोसाँकुण्ड | C10: गोसाँकुण्ड | D10: 0 | E10: रसुवा | F10: 9843404440 | G10: 9843404440 | H10: उर्मिला लामा | K10: 9843404440 | L10: 9843404440 | M10: Registered
A11: सरस्वती आधारभुत बिद्यालय | B11: गोसाँकुण्ड | C11: गोसाँकुण्ड | D11: 0 | E11: रसुवा | F11: 0 | G11: 0 | H11: कृष्ण बहादुर कुमाल | K11: 0 | L11: 0 | M11: Registered
A12: सरस्वती आधारभुत बिद्यालय | B12: गोसाँकुण्ड | C12: गोसाँकुण्ड | D12: 0 | E12: रसुवा | F12: 9823756146 | G12: 9823756146 | H12: युना तामाङ्ग | K12: 9823756146 | L12: 9823756146 | M12: Registered
A13: सरस्वती आधारभुत बिद्यालय | B13: गोसाँकुण्ड | C13: गोसाँकुण्ड | D13: 0 | E13: रसुवा | F13: 0 | G13: 0 | H13: द्र्गा भत्त | K13: 0 | L13: 0 | M13: Registered
... A94: नेपाल राष्ट्रिय आधारभुत बिद्यालय | B94: गोसाँकुण्ड | C94: गोसाँकुण्ड | D94: 0 | E94: रसुवा | F94: 9845786210 | G94: 9845786210 | H94: श्रीप्रसाद शाह तेली | K94: 9845786210 | L94: 9845786210 | M94: Registered
